effective_date,year,review_type,granularity,customer_category,band,measure,value,unit,pct_change,source_type,source,notes
2001-05-01,2001,Ad hoc,narrative,ALL/UNSPECIFIED,,narrative,,,,narrative_only,"PURC Research Dept, 'A Study on the Trends in Electricity Tariffs in Ghana Between 2010 and 2020' (Dec 2020) https://www.purc.com.gh/attachment/782680-20211129071159.pdf",Electricity tariffs adjusted (part of post-1997 stabilisation; exact % not archived).
2002-07-01,2002,Policy,narrative,ALL/UNSPECIFIED,,narrative,,,,narrative_only,"PURC Research Dept, 'A Study on the Trends in Electricity Tariffs in Ghana Between 2010 and 2020' (Dec 2020) https://www.purc.com.gh/attachment/782680-20211129071159.pdf","PURC develops Transitional Adjustment Plan for Electricity Rate Adjustment, 2001-2004; key component is the future Automatic Adjustment Formula (AAF)."
2002-08-01,2002,Policy,narrative,ALL/UNSPECIFIED,,narrative,,,,narrative_only,"PURC Research Dept, 'A Study on the Trends in Electricity Tariffs in Ghana Between 2010 and 2020' (Dec 2020) https://www.purc.com.gh/attachment/782680-20211129071159.pdf","Government of Ghana introduces the Lifeline tariff subsidy for residential customers consuming 0-50 kWh/month, aligned with the Ghana Poverty Reduction Strategy."
2003-01-01,2003,Policy,narrative,ALL/UNSPECIFIED,,narrative,,,,narrative_only,"PURC Research Dept, 'A Study on the Trends in Electricity Tariffs in Ghana Between 2010 and 2020' (Dec 2020) https://www.purc.com.gh/attachment/782680-20211129071159.pdf","Automatic Adjustment Formula (AAF) enacted, enabling quarterly tariff reviews for exchange rate, fuel cost and inflation changes."
2003-10-01,2003,AAF,narrative,ALL/UNSPECIFIED,,narrative,,,,narrative_only,"PURC Research Dept, 'A Study on the Trends in Electricity Tariffs in Ghana Between 2010 and 2020' (Dec 2020) https://www.purc.com.gh/attachment/782680-20211129071159.pdf",First application of the AAF takes effect.
2003-11-01,2003,No change (start),narrative,ALL/UNSPECIFIED,,narrative,,,,narrative_only,"PURC Research Dept, 'A Study on the Trends in Electricity Tariffs in Ghana Between 2010 and 2020' (Dec 2020) https://www.purc.com.gh/attachment/782680-20211129071159.pdf","Start of an extended no-major-adjustment period: stable Cedi-USD exchange rate, good hydro generation, and stable crude oil prices meant no major tariff review was needed until April 2006."
2006-04-01,2006,Major (increase),narrative,ALL/UNSPECIFIED,,narrative,,,,narrative_only,"PURC Research Dept, 'A Study on the Trends in Electricity Tariffs in Ghana Between 2010 and 2020' (Dec 2020) https://www.purc.com.gh/attachment/782680-20211129071159.pdf","AAF discontinued for Q2 2006; PURC approves a major tariff review with an average increase of approximately 35% for both electricity and water, after utilities were invited to submit proposals directly rather than via the formula."
2007-11-01,2007,Major (increase),narrative,ALL/UNSPECIFIED,,narrative,,,,narrative_only,"PURC Research Dept, 'A Study on the Trends in Electricity Tariffs in Ghana Between 2010 and 2020' (Dec 2020) https://www.purc.com.gh/attachment/782680-20211129071159.pdf",PURC grants ECG a tariff increase (magnitude not found in public sources); reflected in ECG's 2008 revenue nearly doubling from 2007.
2009-11-01,2009,Proposal,narrative,ALL/UNSPECIFIED,,narrative,,,,narrative_only,"PURC Research Dept, 'A Study on the Trends in Electricity Tariffs in Ghana Between 2010 and 2020' (Dec 2020) https://www.purc.com.gh/attachment/782680-20211129071159.pdf","ECG, VRA, GRIDCo and Ghana Water Company submit proposals to PURC for a major upward tariff review, citing rising costs."
2010-06-01,2010,Major,blended_average,Non-Residential,all bands (blended),GHp/kWh,33.333,GHp/kWh,,exact_published,"PURC Research Dept, 'A Study on the Trends in Electricity Tariffs in Ghana Between 2010 and 2020' (Dec 2020) https://www.purc.com.gh/attachment/782680-20211129071159.pdf",Re-introduction of AAF during a major review; +89% average increase (largest single increase in the period).
2010-06-01,2010,Major,blended_average,Residential,all bands (blended),GHp/kWh,17.625,GHp/kWh,,exact_published,"PURC Research Dept, 'A Study on the Trends in Electricity Tariffs in Ghana Between 2010 and 2020' (Dec 2020) https://www.purc.com.gh/attachment/782680-20211129071159.pdf",Re-introduction of AAF during a major review; +89% average increase (largest single increase in the period).
2010-06-01,2010,Major,blended_average,Special Load Tariff (SLT),LV/MV/HV/Mines (blended),GHp/kWh,26.667,GHp/kWh,,exact_published,"PURC Research Dept, 'A Study on the Trends in Electricity Tariffs in Ghana Between 2010 and 2020' (Dec 2020) https://www.purc.com.gh/attachment/782680-20211129071159.pdf",Re-introduction of AAF during a major review; +89% average increase (largest single increase in the period).
2011-03-01,2011,AAF (decrease),blended_average,Non-Residential,all bands (blended),GHp/kWh,27.579,GHp/kWh,,exact_published,"PURC Research Dept, 'A Study on the Trends in Electricity Tariffs in Ghana Between 2010 and 2020' (Dec 2020) https://www.purc.com.gh/attachment/782680-20211129071159.pdf",AAF applied; -17.26% versus June 2010; lowest tariff point of the whole 2010-2020 series.
2011-03-01,2011,AAF (decrease),blended_average,Residential,all bands (blended),GHp/kWh,14.583,GHp/kWh,,exact_published,"PURC Research Dept, 'A Study on the Trends in Electricity Tariffs in Ghana Between 2010 and 2020' (Dec 2020) https://www.purc.com.gh/attachment/782680-20211129071159.pdf",AAF applied; -17.26% versus June 2010; lowest tariff point of the whole 2010-2020 series.
2011-03-01,2011,AAF (decrease),blended_average,Special Load Tariff (SLT),LV/MV/HV/Mines (blended),GHp/kWh,22.064,GHp/kWh,,exact_published,"PURC Research Dept, 'A Study on the Trends in Electricity Tariffs in Ghana Between 2010 and 2020' (Dec 2020) https://www.purc.com.gh/attachment/782680-20211129071159.pdf",AAF applied; -17.26% versus June 2010; lowest tariff point of the whole 2010-2020 series.
2011-09-01,2011,AAF (increase),blended_average,Non-Residential,all bands (blended),GHp/kWh,29.072,GHp/kWh,,exact_published,"PURC Research Dept, 'A Study on the Trends in Electricity Tariffs in Ghana Between 2010 and 2020' (Dec 2020) https://www.purc.com.gh/attachment/782680-20211129071159.pdf",+7% average increase.
2011-09-01,2011,AAF (increase),blended_average,Residential,all bands (blended),GHp/kWh,16.825,GHp/kWh,,exact_published,"PURC Research Dept, 'A Study on the Trends in Electricity Tariffs in Ghana Between 2010 and 2020' (Dec 2020) https://www.purc.com.gh/attachment/782680-20211129071159.pdf",+7% average increase.
2011-09-01,2011,AAF (increase),blended_average,Special Load Tariff (SLT),LV/MV/HV/Mines (blended),GHp/kWh,23.034,GHp/kWh,,exact_published,"PURC Research Dept, 'A Study on the Trends in Electricity Tariffs in Ghana Between 2010 and 2020' (Dec 2020) https://www.purc.com.gh/attachment/782680-20211129071159.pdf",+7% average increase.
2011-12-01,2011,AAF (increase),blended_average,Non-Residential,all bands (blended),GHp/kWh,31.5311,GHp/kWh,,exact_published,"PURC Research Dept, 'A Study on the Trends in Electricity Tariffs in Ghana Between 2010 and 2020' (Dec 2020) https://www.purc.com.gh/attachment/782680-20211129071159.pdf",+3% average increase; also formalised as Gazette No. 15 (25 Feb 2011) AAF.
2011-12-01,2011,AAF (increase),blended_average,Residential,all bands (blended),GHp/kWh,18.8101,GHp/kWh,,exact_published,"PURC Research Dept, 'A Study on the Trends in Electricity Tariffs in Ghana Between 2010 and 2020' (Dec 2020) https://www.purc.com.gh/attachment/782680-20211129071159.pdf",+3% average increase; also formalised as Gazette No. 15 (25 Feb 2011) AAF.
2011-12-01,2011,AAF (increase),blended_average,Special Load Tariff (SLT),LV/MV/HV/Mines (blended),GHp/kWh,23.8054,GHp/kWh,,exact_published,"PURC Research Dept, 'A Study on the Trends in Electricity Tariffs in Ghana Between 2010 and 2020' (Dec 2020) https://www.purc.com.gh/attachment/782680-20211129071159.pdf",+3% average increase; also formalised as Gazette No. 15 (25 Feb 2011) AAF.
2012-03-01,2012,AAF (no change),blended_average,Non-Residential,all bands (blended),GHp/kWh,31.5311,GHp/kWh,,exact_published,"PURC Research Dept, 'A Study on the Trends in Electricity Tariffs in Ghana Between 2010 and 2020' (Dec 2020) https://www.purc.com.gh/attachment/782680-20211129071159.pdf",2012 election year; no change across 3 reviews (Mar/Jun/Sep).
2012-03-01,2012,AAF (no change),blended_average,Residential,all bands (blended),GHp/kWh,18.8101,GHp/kWh,,exact_published,"PURC Research Dept, 'A Study on the Trends in Electricity Tariffs in Ghana Between 2010 and 2020' (Dec 2020) https://www.purc.com.gh/attachment/782680-20211129071159.pdf",2012 election year; no change across 3 reviews (Mar/Jun/Sep).
2012-03-01,2012,AAF (no change),blended_average,Special Load Tariff (SLT),LV/MV/HV/Mines (blended),GHp/kWh,23.8054,GHp/kWh,,exact_published,"PURC Research Dept, 'A Study on the Trends in Electricity Tariffs in Ghana Between 2010 and 2020' (Dec 2020) https://www.purc.com.gh/attachment/782680-20211129071159.pdf",2012 election year; no change across 3 reviews (Mar/Jun/Sep).
2012-06-01,2012,AAF (no change),blended_average,Non-Residential,all bands (blended),GHp/kWh,31.5311,GHp/kWh,,exact_published,"PURC Research Dept, 'A Study on the Trends in Electricity Tariffs in Ghana Between 2010 and 2020' (Dec 2020) https://www.purc.com.gh/attachment/782680-20211129071159.pdf",
2012-06-01,2012,AAF (no change),blended_average,Residential,all bands (blended),GHp/kWh,18.8101,GHp/kWh,,exact_published,"PURC Research Dept, 'A Study on the Trends in Electricity Tariffs in Ghana Between 2010 and 2020' (Dec 2020) https://www.purc.com.gh/attachment/782680-20211129071159.pdf",
2012-06-01,2012,AAF (no change),blended_average,Special Load Tariff (SLT),LV/MV/HV/Mines (blended),GHp/kWh,23.8054,GHp/kWh,,exact_published,"PURC Research Dept, 'A Study on the Trends in Electricity Tariffs in Ghana Between 2010 and 2020' (Dec 2020) https://www.purc.com.gh/attachment/782680-20211129071159.pdf",
2012-09-01,2012,AAF (no change),blended_average,Non-Residential,all bands (blended),GHp/kWh,31.5311,GHp/kWh,,exact_published,"PURC Research Dept, 'A Study on the Trends in Electricity Tariffs in Ghana Between 2010 and 2020' (Dec 2020) https://www.purc.com.gh/attachment/782680-20211129071159.pdf",
2012-09-01,2012,AAF (no change),blended_average,Residential,all bands (blended),GHp/kWh,18.8101,GHp/kWh,,exact_published,"PURC Research Dept, 'A Study on the Trends in Electricity Tariffs in Ghana Between 2010 and 2020' (Dec 2020) https://www.purc.com.gh/attachment/782680-20211129071159.pdf",
2012-09-01,2012,AAF (no change),blended_average,Special Load Tariff (SLT),LV/MV/HV/Mines (blended),GHp/kWh,23.8054,GHp/kWh,,exact_published,"PURC Research Dept, 'A Study on the Trends in Electricity Tariffs in Ghana Between 2010 and 2020' (Dec 2020) https://www.purc.com.gh/attachment/782680-20211129071159.pdf",
2013-10-01,2013,Major (increase),blended_average,Non-Residential,all bands (blended),GHp/kWh,56.409,GHp/kWh,,exact_published,"PURC Research Dept, 'A Study on the Trends in Electricity Tariffs in Ghana Between 2010 and 2020' (Dec 2020) https://www.purc.com.gh/attachment/782680-20211129071159.pdf",+62.72% vs Sep 2012 -- the largest percentage change recorded 2010-2020; reduced from an initially proposed 78.9%/58.19% after TUC-led protests.
2013-10-01,2013,Major (increase),blended_average,Residential,all bands (blended),GHp/kWh,33.3211,GHp/kWh,,exact_published,"PURC Research Dept, 'A Study on the Trends in Electricity Tariffs in Ghana Between 2010 and 2020' (Dec 2020) https://www.purc.com.gh/attachment/782680-20211129071159.pdf",+62.72% vs Sep 2012 -- the largest percentage change recorded 2010-2020; reduced from an initially proposed 78.9%/58.19% after TUC-led protests.
2013-10-01,2013,Major (increase),blended_average,Special Load Tariff (SLT),LV/MV/HV/Mines (blended),GHp/kWh,42.5878,GHp/kWh,,exact_published,"PURC Research Dept, 'A Study on the Trends in Electricity Tariffs in Ghana Between 2010 and 2020' (Dec 2020) https://www.purc.com.gh/attachment/782680-20211129071159.pdf",+62.72% vs Sep 2012 -- the largest percentage change recorded 2010-2020; reduced from an initially proposed 78.9%/58.19% after TUC-led protests.
2014-01-01,2014,AAF (increase),blended_average,Non-Residential,all bands (blended),GHp/kWh,61.8977,GHp/kWh,,exact_published,"PURC Research Dept, 'A Study on the Trends in Electricity Tariffs in Ghana Between 2010 and 2020' (Dec 2020) https://www.purc.com.gh/attachment/782680-20211129071159.pdf",+9.73%.
2014-01-01,2014,AAF (increase),blended_average,Residential,all bands (blended),GHp/kWh,36.5632,GHp/kWh,,exact_published,"PURC Research Dept, 'A Study on the Trends in Electricity Tariffs in Ghana Between 2010 and 2020' (Dec 2020) https://www.purc.com.gh/attachment/782680-20211129071159.pdf",+9.73%.
2014-01-01,2014,AAF (increase),blended_average,Special Load Tariff (SLT),LV/MV/HV/Mines (blended),GHp/kWh,46.7316,GHp/kWh,,exact_published,"PURC Research Dept, 'A Study on the Trends in Electricity Tariffs in Ghana Between 2010 and 2020' (Dec 2020) https://www.purc.com.gh/attachment/782680-20211129071159.pdf",+9.73%.
2014-04-01,2014,AAF (increase),blended_average,Non-Residential,all bands (blended),GHp/kWh,69.3812,GHp/kWh,,exact_published,"PURC Research Dept, 'A Study on the Trends in Electricity Tariffs in Ghana Between 2010 and 2020' (Dec 2020) https://www.purc.com.gh/attachment/782680-20211129071159.pdf",+12.09%.
2014-04-01,2014,AAF (increase),blended_average,Residential,all bands (blended),GHp/kWh,40.98375,GHp/kWh,,exact_published,"PURC Research Dept, 'A Study on the Trends in Electricity Tariffs in Ghana Between 2010 and 2020' (Dec 2020) https://www.purc.com.gh/attachment/782680-20211129071159.pdf",+12.09%.
2014-04-01,2014,AAF (increase),blended_average,Special Load Tariff (SLT),LV/MV/HV/Mines (blended),GHp/kWh,69.9013,GHp/kWh,,exact_published,"PURC Research Dept, 'A Study on the Trends in Electricity Tariffs in Ghana Between 2010 and 2020' (Dec 2020) https://www.purc.com.gh/attachment/782680-20211129071159.pdf",+12.09%.
2014-07-01,2014,AAF (no change),blended_average,Non-Residential,all bands (blended),GHp/kWh,69.3812,GHp/kWh,,exact_published,"PURC Research Dept, 'A Study on the Trends in Electricity Tariffs in Ghana Between 2010 and 2020' (Dec 2020) https://www.purc.com.gh/attachment/782680-20211129071159.pdf",
2014-07-01,2014,AAF (no change),blended_average,Residential,all bands (blended),GHp/kWh,40.98375,GHp/kWh,,exact_published,"PURC Research Dept, 'A Study on the Trends in Electricity Tariffs in Ghana Between 2010 and 2020' (Dec 2020) https://www.purc.com.gh/attachment/782680-20211129071159.pdf",
2014-07-01,2014,AAF (no change),blended_average,Special Load Tariff (SLT),LV/MV/HV/Mines (blended),GHp/kWh,69.9013,GHp/kWh,,exact_published,"PURC Research Dept, 'A Study on the Trends in Electricity Tariffs in Ghana Between 2010 and 2020' (Dec 2020) https://www.purc.com.gh/attachment/782680-20211129071159.pdf",
2014-10-01,2014,AAF (increase),blended_average,Non-Residential,all bands (blended),GHp/kWh,73.9147,GHp/kWh,,exact_published,"PURC Research Dept, 'A Study on the Trends in Electricity Tariffs in Ghana Between 2010 and 2020' (Dec 2020) https://www.purc.com.gh/attachment/782680-20211129071159.pdf",+6.54%.
2014-10-01,2014,AAF (increase),blended_average,Residential,all bands (blended),GHp/kWh,43.66165,GHp/kWh,,exact_published,"PURC Research Dept, 'A Study on the Trends in Electricity Tariffs in Ghana Between 2010 and 2020' (Dec 2020) https://www.purc.com.gh/attachment/782680-20211129071159.pdf",+6.54%.
2014-10-01,2014,AAF (increase),blended_average,Special Load Tariff (SLT),LV/MV/HV/Mines (blended),GHp/kWh,55.80415,GHp/kWh,,exact_published,"PURC Research Dept, 'A Study on the Trends in Electricity Tariffs in Ghana Between 2010 and 2020' (Dec 2020) https://www.purc.com.gh/attachment/782680-20211129071159.pdf",+6.54%.
2015-01-01,2015,AAF (no change),blended_average,Non-Residential,all bands (blended),GHp/kWh,73.9147,GHp/kWh,,exact_published,"PURC Research Dept, 'A Study on the Trends in Electricity Tariffs in Ghana Between 2010 and 2020' (Dec 2020) https://www.purc.com.gh/attachment/782680-20211129071159.pdf",
2015-01-01,2015,AAF (no change),blended_average,Residential,all bands (blended),GHp/kWh,43.66165,GHp/kWh,,exact_published,"PURC Research Dept, 'A Study on the Trends in Electricity Tariffs in Ghana Between 2010 and 2020' (Dec 2020) https://www.purc.com.gh/attachment/782680-20211129071159.pdf",
2015-01-01,2015,AAF (no change),blended_average,Special Load Tariff (SLT),LV/MV/HV/Mines (blended),GHp/kWh,55.80415,GHp/kWh,,exact_published,"PURC Research Dept, 'A Study on the Trends in Electricity Tariffs in Ghana Between 2010 and 2020' (Dec 2020) https://www.purc.com.gh/attachment/782680-20211129071159.pdf",
2015-04-01,2015,AAF (increase),blended_average,Non-Residential,all bands (blended),GHp/kWh,75.8586,GHp/kWh,,exact_published,"PURC Research Dept, 'A Study on the Trends in Electricity Tariffs in Ghana Between 2010 and 2020' (Dec 2020) https://www.purc.com.gh/attachment/782680-20211129071159.pdf",+2.63%.
2015-04-01,2015,AAF (increase),blended_average,Residential,all bands (blended),GHp/kWh,44.8099,GHp/kWh,,exact_published,"PURC Research Dept, 'A Study on the Trends in Electricity Tariffs in Ghana Between 2010 and 2020' (Dec 2020) https://www.purc.com.gh/attachment/782680-20211129071159.pdf",+2.63%.
2015-04-01,2015,AAF (increase),blended_average,Special Load Tariff (SLT),LV/MV/HV/Mines (blended),GHp/kWh,57.2718,GHp/kWh,,exact_published,"PURC Research Dept, 'A Study on the Trends in Electricity Tariffs in Ghana Between 2010 and 2020' (Dec 2020) https://www.purc.com.gh/attachment/782680-20211129071159.pdf",+2.63%.
2015-07-01,2015,AAF (no change),blended_average,Non-Residential,all bands (blended),GHp/kWh,75.8586,GHp/kWh,,exact_published,"PURC Research Dept, 'A Study on the Trends in Electricity Tariffs in Ghana Between 2010 and 2020' (Dec 2020) https://www.purc.com.gh/attachment/782680-20211129071159.pdf",
2015-07-01,2015,AAF (no change),blended_average,Residential,all bands (blended),GHp/kWh,44.8099,GHp/kWh,,exact_published,"PURC Research Dept, 'A Study on the Trends in Electricity Tariffs in Ghana Between 2010 and 2020' (Dec 2020) https://www.purc.com.gh/attachment/782680-20211129071159.pdf",
2015-07-01,2015,AAF (no change),blended_average,Special Load Tariff (SLT),LV/MV/HV/Mines (blended),GHp/kWh,57.2718,GHp/kWh,,exact_published,"PURC Research Dept, 'A Study on the Trends in Electricity Tariffs in Ghana Between 2010 and 2020' (Dec 2020) https://www.purc.com.gh/attachment/782680-20211129071159.pdf",
2015-12-01,2015,Major (increase),blended_average,Non-Residential,all bands (blended),GHp/kWh,120.767,GHp/kWh,,exact_published,"PURC Research Dept, 'A Study on the Trends in Electricity Tariffs in Ghana Between 2010 and 2020' (Dec 2020) https://www.purc.com.gh/attachment/782680-20211129071159.pdf","+59.2% -- second-largest single increase 2010-2020; residential and non-residential both hit their 2010-2020 peak here (SLT peaked later, Oct 2019)."
2015-12-01,2015,Major (increase),blended_average,Residential,all bands (blended),GHp/kWh,71.3375,GHp/kWh,,exact_published,"PURC Research Dept, 'A Study on the Trends in Electricity Tariffs in Ghana Between 2010 and 2020' (Dec 2020) https://www.purc.com.gh/attachment/782680-20211129071159.pdf","+59.2% -- second-largest single increase 2010-2020; residential and non-residential both hit their 2010-2020 peak here (SLT peaked later, Oct 2019)."
2015-12-01,2015,Major (increase),blended_average,Special Load Tariff (SLT),LV/MV/HV/Mines (blended),GHp/kWh,91.1767,GHp/kWh,,exact_published,"PURC Research Dept, 'A Study on the Trends in Electricity Tariffs in Ghana Between 2010 and 2020' (Dec 2020) https://www.purc.com.gh/attachment/782680-20211129071159.pdf","+59.2% -- second-largest single increase 2010-2020; residential and non-residential both hit their 2010-2020 peak here (SLT peaked later, Oct 2019)."
2016-04-01,2016,AAF (no change),blended_average,Non-Residential,all bands (blended),GHp/kWh,120.767,GHp/kWh,,exact_published,"PURC Research Dept, 'A Study on the Trends in Electricity Tariffs in Ghana Between 2010 and 2020' (Dec 2020) https://www.purc.com.gh/attachment/782680-20211129071159.pdf",2016 election year; no change across all reviews (Apr/Jul).
2016-04-01,2016,AAF (no change),blended_average,Residential,all bands (blended),GHp/kWh,71.3375,GHp/kWh,,exact_published,"PURC Research Dept, 'A Study on the Trends in Electricity Tariffs in Ghana Between 2010 and 2020' (Dec 2020) https://www.purc.com.gh/attachment/782680-20211129071159.pdf",2016 election year; no change across all reviews (Apr/Jul).
2016-04-01,2016,AAF (no change),blended_average,Special Load Tariff (SLT),LV/MV/HV/Mines (blended),GHp/kWh,91.1767,GHp/kWh,,exact_published,"PURC Research Dept, 'A Study on the Trends in Electricity Tariffs in Ghana Between 2010 and 2020' (Dec 2020) https://www.purc.com.gh/attachment/782680-20211129071159.pdf",2016 election year; no change across all reviews (Apr/Jul).
2016-07-01,2016,AAF (no change),blended_average,Non-Residential,all bands (blended),GHp/kWh,120.767,GHp/kWh,,exact_published,"PURC Research Dept, 'A Study on the Trends in Electricity Tariffs in Ghana Between 2010 and 2020' (Dec 2020) https://www.purc.com.gh/attachment/782680-20211129071159.pdf",
2016-07-01,2016,AAF (no change),blended_average,Residential,all bands (blended),GHp/kWh,71.3375,GHp/kWh,,exact_published,"PURC Research Dept, 'A Study on the Trends in Electricity Tariffs in Ghana Between 2010 and 2020' (Dec 2020) https://www.purc.com.gh/attachment/782680-20211129071159.pdf",
2016-07-01,2016,AAF (no change),blended_average,Special Load Tariff (SLT),LV/MV/HV/Mines (blended),GHp/kWh,91.1767,GHp/kWh,,exact_published,"PURC Research Dept, 'A Study on the Trends in Electricity Tariffs in Ghana Between 2010 and 2020' (Dec 2020) https://www.purc.com.gh/attachment/782680-20211129071159.pdf",
2017-01-01,2017,AAF (no change),blended_average,Non-Residential,all bands (blended),GHp/kWh,120.767,GHp/kWh,,exact_published,"PURC Research Dept, 'A Study on the Trends in Electricity Tariffs in Ghana Between 2010 and 2020' (Dec 2020) https://www.purc.com.gh/attachment/782680-20211129071159.pdf",
2017-01-01,2017,AAF (no change),blended_average,Residential,all bands (blended),GHp/kWh,71.3375,GHp/kWh,,exact_published,"PURC Research Dept, 'A Study on the Trends in Electricity Tariffs in Ghana Between 2010 and 2020' (Dec 2020) https://www.purc.com.gh/attachment/782680-20211129071159.pdf",
2017-01-01,2017,AAF (no change),blended_average,Special Load Tariff (SLT),LV/MV/HV/Mines (blended),GHp/kWh,91.1767,GHp/kWh,,exact_published,"PURC Research Dept, 'A Study on the Trends in Electricity Tariffs in Ghana Between 2010 and 2020' (Dec 2020) https://www.purc.com.gh/attachment/782680-20211129071159.pdf",
2017-04-01,2017,AAF (no change),blended_average,Non-Residential,all bands (blended),GHp/kWh,120.767,GHp/kWh,,exact_published,"PURC Research Dept, 'A Study on the Trends in Electricity Tariffs in Ghana Between 2010 and 2020' (Dec 2020) https://www.purc.com.gh/attachment/782680-20211129071159.pdf",
2017-04-01,2017,AAF (no change),blended_average,Residential,all bands (blended),GHp/kWh,71.3375,GHp/kWh,,exact_published,"PURC Research Dept, 'A Study on the Trends in Electricity Tariffs in Ghana Between 2010 and 2020' (Dec 2020) https://www.purc.com.gh/attachment/782680-20211129071159.pdf",
2017-04-01,2017,AAF (no change),blended_average,Special Load Tariff (SLT),LV/MV/HV/Mines (blended),GHp/kWh,91.1767,GHp/kWh,,exact_published,"PURC Research Dept, 'A Study on the Trends in Electricity Tariffs in Ghana Between 2010 and 2020' (Dec 2020) https://www.purc.com.gh/attachment/782680-20211129071159.pdf",
2017-07-01,2017,AAF (no change),blended_average,Non-Residential,all bands (blended),GHp/kWh,120.767,GHp/kWh,,exact_published,"PURC Research Dept, 'A Study on the Trends in Electricity Tariffs in Ghana Between 2010 and 2020' (Dec 2020) https://www.purc.com.gh/attachment/782680-20211129071159.pdf",
2017-07-01,2017,AAF (no change),blended_average,Residential,all bands (blended),GHp/kWh,71.3375,GHp/kWh,,exact_published,"PURC Research Dept, 'A Study on the Trends in Electricity Tariffs in Ghana Between 2010 and 2020' (Dec 2020) https://www.purc.com.gh/attachment/782680-20211129071159.pdf",
2017-07-01,2017,AAF (no change),blended_average,Special Load Tariff (SLT),LV/MV/HV/Mines (blended),GHp/kWh,91.1767,GHp/kWh,,exact_published,"PURC Research Dept, 'A Study on the Trends in Electricity Tariffs in Ghana Between 2010 and 2020' (Dec 2020) https://www.purc.com.gh/attachment/782680-20211129071159.pdf",
2018-03-01,2018,Major (decrease),blended_average,Non-Residential,all bands (blended),GHp/kWh,80.341,GHp/kWh,,exact_published,"PURC Research Dept, 'A Study on the Trends in Electricity Tariffs in Ghana Between 2010 and 2020' (Dec 2020) https://www.purc.com.gh/attachment/782680-20211129071159.pdf",-17.5% residential / -30% non-residential; -22.083% was the lowest (most negative) percentage change recorded 2010-2020.
2018-03-01,2018,Major (decrease),blended_average,Residential,all bands (blended),GHp/kWh,58.8534,GHp/kWh,,exact_published,"PURC Research Dept, 'A Study on the Trends in Electricity Tariffs in Ghana Between 2010 and 2020' (Dec 2020) https://www.purc.com.gh/attachment/782680-20211129071159.pdf",-17.5% residential / -30% non-residential; -22.083% was the lowest (most negative) percentage change recorded 2010-2020.
2018-03-01,2018,Major (decrease),blended_average,Special Load Tariff (SLT),LV/MV/HV/Mines (blended),GHp/kWh,72.656,GHp/kWh,,exact_published,"PURC Research Dept, 'A Study on the Trends in Electricity Tariffs in Ghana Between 2010 and 2020' (Dec 2020) https://www.purc.com.gh/attachment/782680-20211129071159.pdf",-17.5% residential / -30% non-residential; -22.083% was the lowest (most negative) percentage change recorded 2010-2020.
2018-07-01,2018,AAF (no change),blended_average,Non-Residential,all bands (blended),GHp/kWh,80.341,GHp/kWh,,exact_published,"PURC Research Dept, 'A Study on the Trends in Electricity Tariffs in Ghana Between 2010 and 2020' (Dec 2020) https://www.purc.com.gh/attachment/782680-20211129071159.pdf",
2018-07-01,2018,AAF (no change),blended_average,Residential,all bands (blended),GHp/kWh,58.8534,GHp/kWh,,exact_published,"PURC Research Dept, 'A Study on the Trends in Electricity Tariffs in Ghana Between 2010 and 2020' (Dec 2020) https://www.purc.com.gh/attachment/782680-20211129071159.pdf",
2018-07-01,2018,AAF (no change),blended_average,Special Load Tariff (SLT),LV/MV/HV/Mines (blended),GHp/kWh,72.656,GHp/kWh,,exact_published,"PURC Research Dept, 'A Study on the Trends in Electricity Tariffs in Ghana Between 2010 and 2020' (Dec 2020) https://www.purc.com.gh/attachment/782680-20211129071159.pdf",
2018-10-01,2018,AAF (no change),blended_average,Non-Residential,all bands (blended),GHp/kWh,80.341,GHp/kWh,,exact_published,"PURC Research Dept, 'A Study on the Trends in Electricity Tariffs in Ghana Between 2010 and 2020' (Dec 2020) https://www.purc.com.gh/attachment/782680-20211129071159.pdf",
2018-10-01,2018,AAF (no change),blended_average,Residential,all bands (blended),GHp/kWh,58.8534,GHp/kWh,,exact_published,"PURC Research Dept, 'A Study on the Trends in Electricity Tariffs in Ghana Between 2010 and 2020' (Dec 2020) https://www.purc.com.gh/attachment/782680-20211129071159.pdf",
2018-10-01,2018,AAF (no change),blended_average,Special Load Tariff (SLT),LV/MV/HV/Mines (blended),GHp/kWh,72.656,GHp/kWh,,exact_published,"PURC Research Dept, 'A Study on the Trends in Electricity Tariffs in Ghana Between 2010 and 2020' (Dec 2020) https://www.purc.com.gh/attachment/782680-20211129071159.pdf",
2019-07-01,2019,Major (increase),blended_average,Non-Residential,all bands (blended),GHp/kWh,89.3143,GHp/kWh,,exact_published,"PURC Research Dept, 'A Study on the Trends in Electricity Tariffs in Ghana Between 2010 and 2020' (Dec 2020) https://www.purc.com.gh/attachment/782680-20211129071159.pdf",+11.17%; matches (with minor rounding difference) the 65.4161/89.0422 'old tariff' baseline used in the Sep 2022 major review press release.
2019-07-01,2019,Major (increase),blended_average,Residential,all bands (blended),GHp/kWh,65.4267,GHp/kWh,,exact_published,"PURC Research Dept, 'A Study on the Trends in Electricity Tariffs in Ghana Between 2010 and 2020' (Dec 2020) https://www.purc.com.gh/attachment/782680-20211129071159.pdf",+11.17%; matches (with minor rounding difference) the 65.4161/89.0422 'old tariff' baseline used in the Sep 2022 major review press release.
2019-07-01,2019,Major (increase),blended_average,Special Load Tariff (SLT),LV/MV/HV/Mines (blended),GHp/kWh,125.4669,GHp/kWh,,exact_published,"PURC Research Dept, 'A Study on the Trends in Electricity Tariffs in Ghana Between 2010 and 2020' (Dec 2020) https://www.purc.com.gh/attachment/782680-20211129071159.pdf",+11.17%; matches (with minor rounding difference) the 65.4161/89.0422 'old tariff' baseline used in the Sep 2022 major review press release.
2019-10-01,2019,AAF (increase),blended_average,Non-Residential,all bands (blended),GHp/kWh,94.6187,GHp/kWh,,exact_published,"PURC Research Dept, 'A Study on the Trends in Electricity Tariffs in Ghana Between 2010 and 2020' (Dec 2020) https://www.purc.com.gh/attachment/782680-20211129071159.pdf","+5.94%; SLT hits its 2010-2020 peak here (132.9184), after the Jul 2019 policy shift folding SLT maximum-demand charges into the energy charge."
2019-10-01,2019,AAF (increase),blended_average,Residential,all bands (blended),GHp/kWh,69.3125,GHp/kWh,,exact_published,"PURC Research Dept, 'A Study on the Trends in Electricity Tariffs in Ghana Between 2010 and 2020' (Dec 2020) https://www.purc.com.gh/attachment/782680-20211129071159.pdf","+5.94%; SLT hits its 2010-2020 peak here (132.9184), after the Jul 2019 policy shift folding SLT maximum-demand charges into the energy charge."
2019-10-01,2019,AAF (increase),blended_average,Special Load Tariff (SLT),LV/MV/HV/Mines (blended),GHp/kWh,132.9184,GHp/kWh,,exact_published,"PURC Research Dept, 'A Study on the Trends in Electricity Tariffs in Ghana Between 2010 and 2020' (Dec 2020) https://www.purc.com.gh/attachment/782680-20211129071159.pdf","+5.94%; SLT hits its 2010-2020 peak here (132.9184), after the Jul 2019 policy shift folding SLT maximum-demand charges into the energy charge."
2020-01-01,2020,AAF (no change),blended_average,Non-Residential,all bands (blended),GHp/kWh,94.6187,GHp/kWh,,exact_published,"PURC Research Dept, 'A Study on the Trends in Electricity Tariffs in Ghana Between 2010 and 2020' (Dec 2020) https://www.purc.com.gh/attachment/782680-20211129071159.pdf",2020 election year; no change across 3 reviews (Jan/Apr/Jul) -- also the government subsidised tariffs up to 50% (and fully for Lifeline) as COVID-19 relief.
2020-01-01,2020,AAF (no change),blended_average,Residential,all bands (blended),GHp/kWh,69.3125,GHp/kWh,,exact_published,"PURC Research Dept, 'A Study on the Trends in Electricity Tariffs in Ghana Between 2010 and 2020' (Dec 2020) https://www.purc.com.gh/attachment/782680-20211129071159.pdf",2020 election year; no change across 3 reviews (Jan/Apr/Jul) -- also the government subsidised tariffs up to 50% (and fully for Lifeline) as COVID-19 relief.
2020-01-01,2020,AAF (no change),blended_average,Special Load Tariff (SLT),LV/MV/HV/Mines (blended),GHp/kWh,132.9184,GHp/kWh,,exact_published,"PURC Research Dept, 'A Study on the Trends in Electricity Tariffs in Ghana Between 2010 and 2020' (Dec 2020) https://www.purc.com.gh/attachment/782680-20211129071159.pdf",2020 election year; no change across 3 reviews (Jan/Apr/Jul) -- also the government subsidised tariffs up to 50% (and fully for Lifeline) as COVID-19 relief.
2020-04-01,2020,AAF (no change),blended_average,Non-Residential,all bands (blended),GHp/kWh,94.6187,GHp/kWh,,exact_published,"PURC Research Dept, 'A Study on the Trends in Electricity Tariffs in Ghana Between 2010 and 2020' (Dec 2020) https://www.purc.com.gh/attachment/782680-20211129071159.pdf",
2020-04-01,2020,AAF (no change),blended_average,Residential,all bands (blended),GHp/kWh,69.3125,GHp/kWh,,exact_published,"PURC Research Dept, 'A Study on the Trends in Electricity Tariffs in Ghana Between 2010 and 2020' (Dec 2020) https://www.purc.com.gh/attachment/782680-20211129071159.pdf",
2020-04-01,2020,AAF (no change),blended_average,Special Load Tariff (SLT),LV/MV/HV/Mines (blended),GHp/kWh,132.9184,GHp/kWh,,exact_published,"PURC Research Dept, 'A Study on the Trends in Electricity Tariffs in Ghana Between 2010 and 2020' (Dec 2020) https://www.purc.com.gh/attachment/782680-20211129071159.pdf",
2020-07-01,2020,AAF (no change),blended_average,Non-Residential,all bands (blended),GHp/kWh,94.6187,GHp/kWh,,exact_published,"PURC Research Dept, 'A Study on the Trends in Electricity Tariffs in Ghana Between 2010 and 2020' (Dec 2020) https://www.purc.com.gh/attachment/782680-20211129071159.pdf",
2020-07-01,2020,AAF (no change),blended_average,Residential,all bands (blended),GHp/kWh,69.3125,GHp/kWh,,exact_published,"PURC Research Dept, 'A Study on the Trends in Electricity Tariffs in Ghana Between 2010 and 2020' (Dec 2020) https://www.purc.com.gh/attachment/782680-20211129071159.pdf",
2020-07-01,2020,AAF (no change),blended_average,Special Load Tariff (SLT),LV/MV/HV/Mines (blended),GHp/kWh,132.9184,GHp/kWh,,exact_published,"PURC Research Dept, 'A Study on the Trends in Electricity Tariffs in Ghana Between 2010 and 2020' (Dec 2020) https://www.purc.com.gh/attachment/782680-20211129071159.pdf",
2021-01-01,2021,No change,narrative,ALL/UNSPECIFIED,,narrative,,,,narrative_only,"PURC Research Dept, 'A Study on the Trends in Electricity Tariffs in Ghana Between 2010 and 2020' (Dec 2020) https://www.purc.com.gh/attachment/782680-20211129071159.pdf","No tariff changes approved during 2021 (2021 was not an election year, but macro conditions and continued COVID relief kept tariffs flat)."
2022-09-01,2022,Major (2022-2025 review),per_band_exact,Non-Residential (SME etc.),0-300,GHp/kWh,83.7841,GHp/kWh,27.15,exact_gazette,"PURC Press Release, '2022-2025 Multi-Year Major Tariff Review' (1 Sep 2022) https://www.purc.com.gh/attachment/459725-20220816110856.pdf",+27.15% average end-user electricity tariff (approved after ECG/NEDCo proposed 148%/113%; old-tariff baseline shown is the last unchanged Jul 2019 rate). Structure at this point: Residential 0-300 / 301-600 / 601+ (in addition to Lifeline).
2022-09-01,2022,Major (2022-2025 review),per_band_exact,Non-Residential (SME etc.),301-600,GHp/kWh,89.1552,GHp/kWh,27.15,exact_gazette,"PURC Press Release, '2022-2025 Multi-Year Major Tariff Review' (1 Sep 2022) https://www.purc.com.gh/attachment/459725-20220816110856.pdf",+27.15% average end-user electricity tariff (approved after ECG/NEDCo proposed 148%/113%; old-tariff baseline shown is the last unchanged Jul 2019 rate). Structure at this point: Residential 0-300 / 301-600 / 601+ (in addition to Lifeline).
2022-09-01,2022,Major (2022-2025 review),per_band_exact,Non-Residential (SME etc.),601+,GHp/kWh,133.0919,GHp/kWh,27.15,exact_gazette,"PURC Press Release, '2022-2025 Multi-Year Major Tariff Review' (1 Sep 2022) https://www.purc.com.gh/attachment/459725-20220816110856.pdf",+27.15% average end-user electricity tariff (approved after ECG/NEDCo proposed 148%/113%; old-tariff baseline shown is the last unchanged Jul 2019 rate). Structure at this point: Residential 0-300 / 301-600 / 601+ (in addition to Lifeline).
2022-09-01,2022,Major (2022-2025 review),per_band_exact,Non-Residential (SME etc.),0-300,Service Charge,1242.8245,GHp/month,,exact_gazette,"PURC Press Release, '2022-2025 Multi-Year Major Tariff Review' (1 Sep 2022) https://www.purc.com.gh/attachment/459725-20220816110856.pdf",+27.15% average end-user electricity tariff (approved after ECG/NEDCo proposed 148%/113%; old-tariff baseline shown is the last unchanged Jul 2019 rate). Structure at this point: Residential 0-300 / 301-600 / 601+ (in addition to Lifeline).
2022-09-01,2022,Major (2022-2025 review),per_band_exact,Residential,0-300,GHp/kWh,89.0422,GHp/kWh,27.15,exact_gazette,"PURC Press Release, '2022-2025 Multi-Year Major Tariff Review' (1 Sep 2022) https://www.purc.com.gh/attachment/459725-20220816110856.pdf",+27.15% average end-user electricity tariff (approved after ECG/NEDCo proposed 148%/113%; old-tariff baseline shown is the last unchanged Jul 2019 rate). Structure at this point: Residential 0-300 / 301-600 / 601+ (in addition to Lifeline).
2022-09-01,2022,Major (2022-2025 review),per_band_exact,Residential,301-600,GHp/kWh,115.5595,GHp/kWh,27.15,exact_gazette,"PURC Press Release, '2022-2025 Multi-Year Major Tariff Review' (1 Sep 2022) https://www.purc.com.gh/attachment/459725-20220816110856.pdf",+27.15% average end-user electricity tariff (approved after ECG/NEDCo proposed 148%/113%; old-tariff baseline shown is the last unchanged Jul 2019 rate). Structure at this point: Residential 0-300 / 301-600 / 601+ (in addition to Lifeline).
2022-09-01,2022,Major (2022-2025 review),per_band_exact,Residential,601+,GHp/kWh,128.3995,GHp/kWh,27.15,exact_gazette,"PURC Press Release, '2022-2025 Multi-Year Major Tariff Review' (1 Sep 2022) https://www.purc.com.gh/attachment/459725-20220816110856.pdf",+27.15% average end-user electricity tariff (approved after ECG/NEDCo proposed 148%/113%; old-tariff baseline shown is the last unchanged Jul 2019 rate). Structure at this point: Residential 0-300 / 301-600 / 601+ (in addition to Lifeline).
2022-09-01,2022,Major (2022-2025 review),per_band_exact,Residential,0-300,Service Charge,1073.09,GHp/month,,exact_gazette,"PURC Press Release, '2022-2025 Multi-Year Major Tariff Review' (1 Sep 2022) https://www.purc.com.gh/attachment/459725-20220816110856.pdf",+27.15% average end-user electricity tariff (approved after ECG/NEDCo proposed 148%/113%; old-tariff baseline shown is the last unchanged Jul 2019 rate). Structure at this point: Residential 0-300 / 301-600 / 601+ (in addition to Lifeline).
2022-09-01,2022,Major (2022-2025 review),per_band_exact,Residential Lifeline,0-30 (exclusive),GHp/kWh,41.9065,GHp/kWh,27.15,exact_gazette,"PURC Press Release, '2022-2025 Multi-Year Major Tariff Review' (1 Sep 2022) https://www.purc.com.gh/attachment/459725-20220816110856.pdf",+27.15% average end-user electricity tariff (approved after ECG/NEDCo proposed 148%/113%; old-tariff baseline shown is the last unchanged Jul 2019 rate). Structure at this point: Residential 0-300 / 301-600 / 601+ (in addition to Lifeline).
2022-09-01,2022,Major (2022-2025 review),per_band_exact,Residential Lifeline,0-30 (exclusive),Service Charge,213.0,GHp/month,,exact_gazette,"PURC Press Release, '2022-2025 Multi-Year Major Tariff Review' (1 Sep 2022) https://www.purc.com.gh/attachment/459725-20220816110856.pdf",+27.15% average end-user electricity tariff (approved after ECG/NEDCo proposed 148%/113%; old-tariff baseline shown is the last unchanged Jul 2019 rate). Structure at this point: Residential 0-300 / 301-600 / 601+ (in addition to Lifeline).
2022-09-01,2022,Major (2022-2025 review),per_band_exact,SLT-HV,energy charge,GHp/kWh,105.6746,GHp/kWh,27.15,exact_gazette,"PURC Press Release, '2022-2025 Multi-Year Major Tariff Review' (1 Sep 2022) https://www.purc.com.gh/attachment/459725-20220816110856.pdf",+27.15% average end-user electricity tariff (approved after ECG/NEDCo proposed 148%/113%; old-tariff baseline shown is the last unchanged Jul 2019 rate). Structure at this point: Residential 0-300 / 301-600 / 601+ (in addition to Lifeline).
2022-09-01,2022,Major (2022-2025 review),per_band_exact,SLT-HV,energy charge,Service Charge,50000.0,GHp/month,,exact_gazette,"PURC Press Release, '2022-2025 Multi-Year Major Tariff Review' (1 Sep 2022) https://www.purc.com.gh/attachment/459725-20220816110856.pdf",+27.15% average end-user electricity tariff (approved after ECG/NEDCo proposed 148%/113%; old-tariff baseline shown is the last unchanged Jul 2019 rate). Structure at this point: Residential 0-300 / 301-600 / 601+ (in addition to Lifeline).
2022-09-01,2022,Major (2022-2025 review),per_band_exact,SLT-HV Mines,energy charge,GHp/kWh,263.9705,GHp/kWh,27.15,exact_gazette,"PURC Press Release, '2022-2025 Multi-Year Major Tariff Review' (1 Sep 2022) https://www.purc.com.gh/attachment/459725-20220816110856.pdf",+27.15% average end-user electricity tariff (approved after ECG/NEDCo proposed 148%/113%; old-tariff baseline shown is the last unchanged Jul 2019 rate). Structure at this point: Residential 0-300 / 301-600 / 601+ (in addition to Lifeline).
2022-09-01,2022,Major (2022-2025 review),per_band_exact,SLT-HV Mines,energy charge,Service Charge,50000.0,GHp/month,,exact_gazette,"PURC Press Release, '2022-2025 Multi-Year Major Tariff Review' (1 Sep 2022) https://www.purc.com.gh/attachment/459725-20220816110856.pdf",+27.15% average end-user electricity tariff (approved after ECG/NEDCo proposed 148%/113%; old-tariff baseline shown is the last unchanged Jul 2019 rate). Structure at this point: Residential 0-300 / 301-600 / 601+ (in addition to Lifeline).
2022-09-01,2022,Major (2022-2025 review),per_band_exact,SLT-HV Steel Companies,energy charge,GHp/kWh,74.5315,GHp/kWh,27.15,exact_gazette,"PURC Press Release, '2022-2025 Multi-Year Major Tariff Review' (1 Sep 2022) https://www.purc.com.gh/attachment/459725-20220816110856.pdf",+27.15% average end-user electricity tariff (approved after ECG/NEDCo proposed 148%/113%; old-tariff baseline shown is the last unchanged Jul 2019 rate). Structure at this point: Residential 0-300 / 301-600 / 601+ (in addition to Lifeline).
2022-09-01,2022,Major (2022-2025 review),per_band_exact,SLT-HV Steel Companies,energy charge,Service Charge,50000.0,GHp/month,,exact_gazette,"PURC Press Release, '2022-2025 Multi-Year Major Tariff Review' (1 Sep 2022) https://www.purc.com.gh/attachment/459725-20220816110856.pdf",+27.15% average end-user electricity tariff (approved after ECG/NEDCo proposed 148%/113%; old-tariff baseline shown is the last unchanged Jul 2019 rate). Structure at this point: Residential 0-300 / 301-600 / 601+ (in addition to Lifeline).
2022-09-01,2022,Major (2022-2025 review),per_band_exact,SLT-LV,energy charge,GHp/kWh,132.6125,GHp/kWh,27.15,exact_gazette,"PURC Press Release, '2022-2025 Multi-Year Major Tariff Review' (1 Sep 2022) https://www.purc.com.gh/attachment/459725-20220816110856.pdf",+27.15% average end-user electricity tariff (approved after ECG/NEDCo proposed 148%/113%; old-tariff baseline shown is the last unchanged Jul 2019 rate). Structure at this point: Residential 0-300 / 301-600 / 601+ (in addition to Lifeline).
2022-09-01,2022,Major (2022-2025 review),per_band_exact,SLT-LV,energy charge,Service Charge,50000.0,GHp/month,,exact_gazette,"PURC Press Release, '2022-2025 Multi-Year Major Tariff Review' (1 Sep 2022) https://www.purc.com.gh/attachment/459725-20220816110856.pdf",+27.15% average end-user electricity tariff (approved after ECG/NEDCo proposed 148%/113%; old-tariff baseline shown is the last unchanged Jul 2019 rate). Structure at this point: Residential 0-300 / 301-600 / 601+ (in addition to Lifeline).
2022-09-01,2022,Major (2022-2025 review),per_band_exact,SLT-MV,energy charge,GHp/kWh,100.6863,GHp/kWh,27.15,exact_gazette,"PURC Press Release, '2022-2025 Multi-Year Major Tariff Review' (1 Sep 2022) https://www.purc.com.gh/attachment/459725-20220816110856.pdf",+27.15% average end-user electricity tariff (approved after ECG/NEDCo proposed 148%/113%; old-tariff baseline shown is the last unchanged Jul 2019 rate). Structure at this point: Residential 0-300 / 301-600 / 601+ (in addition to Lifeline).
2022-09-01,2022,Major (2022-2025 review),per_band_exact,SLT-MV,energy charge,Service Charge,50000.0,GHp/month,,exact_gazette,"PURC Press Release, '2022-2025 Multi-Year Major Tariff Review' (1 Sep 2022) https://www.purc.com.gh/attachment/459725-20220816110856.pdf",+27.15% average end-user electricity tariff (approved after ECG/NEDCo proposed 148%/113%; old-tariff baseline shown is the last unchanged Jul 2019 rate). Structure at this point: Residential 0-300 / 301-600 / 601+ (in addition to Lifeline).
2023-02-01,2023,Quarterly (AAF),per_band_exact,Non-Residential,0-300,GHp/kWh,108.8876,GHp/kWh,29.96,exact_gazette,"PURC Gazette, 'Publication of Electricity Tariffs' effective 1 Feb 2023 https://www.purc.com.gh/attachment/705636-20230124100135.pdf","+29.96% across-the-board increase, driven by a 40.25% Cedi depreciation vs the 2022-2025 MYTO baseline exchange rate and a jump in inflation to 42.63%. Structure: Lifeline / 51-300 / 301-600 / 600+."
2023-02-01,2023,Quarterly (AAF),per_band_exact,Non-Residential,301-600,GHp/kWh,115.8681,GHp/kWh,29.96,exact_gazette,"PURC Gazette, 'Publication of Electricity Tariffs' effective 1 Feb 2023 https://www.purc.com.gh/attachment/705636-20230124100135.pdf","+29.96% across-the-board increase, driven by a 40.25% Cedi depreciation vs the 2022-2025 MYTO baseline exchange rate and a jump in inflation to 42.63%. Structure: Lifeline / 51-300 / 301-600 / 600+."
2023-02-01,2023,Quarterly (AAF),per_band_exact,Non-Residential,600+,GHp/kWh,172.9692,GHp/kWh,29.96,exact_gazette,"PURC Gazette, 'Publication of Electricity Tariffs' effective 1 Feb 2023 https://www.purc.com.gh/attachment/705636-20230124100135.pdf","+29.96% across-the-board increase, driven by a 40.25% Cedi depreciation vs the 2022-2025 MYTO baseline exchange rate and a jump in inflation to 42.63%. Structure: Lifeline / 51-300 / 301-600 / 600+."
2023-02-01,2023,Quarterly (AAF),per_band_exact,Non-Residential,0-300,Service Charge,1242.8245,GHp/month,,exact_gazette,"PURC Gazette, 'Publication of Electricity Tariffs' effective 1 Feb 2023 https://www.purc.com.gh/attachment/705636-20230124100135.pdf","+29.96% across-the-board increase, driven by a 40.25% Cedi depreciation vs the 2022-2025 MYTO baseline exchange rate and a jump in inflation to 42.63%. Structure: Lifeline / 51-300 / 301-600 / 600+."
2023-02-01,2023,Quarterly (AAF),per_band_exact,Residential,51-300,GHp/kWh,115.7212,GHp/kWh,29.96,exact_gazette,"PURC Gazette, 'Publication of Electricity Tariffs' effective 1 Feb 2023 https://www.purc.com.gh/attachment/705636-20230124100135.pdf","+29.96% across-the-board increase, driven by a 40.25% Cedi depreciation vs the 2022-2025 MYTO baseline exchange rate and a jump in inflation to 42.63%. Structure: Lifeline / 51-300 / 301-600 / 600+."
2023-02-01,2023,Quarterly (AAF),per_band_exact,Residential,301-600,GHp/kWh,150.1837,GHp/kWh,29.96,exact_gazette,"PURC Gazette, 'Publication of Electricity Tariffs' effective 1 Feb 2023 https://www.purc.com.gh/attachment/705636-20230124100135.pdf","+29.96% across-the-board increase, driven by a 40.25% Cedi depreciation vs the 2022-2025 MYTO baseline exchange rate and a jump in inflation to 42.63%. Structure: Lifeline / 51-300 / 301-600 / 600+."
2023-02-01,2023,Quarterly (AAF),per_band_exact,Residential,600+,GHp/kWh,166.8708,GHp/kWh,29.96,exact_gazette,"PURC Gazette, 'Publication of Electricity Tariffs' effective 1 Feb 2023 https://www.purc.com.gh/attachment/705636-20230124100135.pdf","+29.96% across-the-board increase, driven by a 40.25% Cedi depreciation vs the 2022-2025 MYTO baseline exchange rate and a jump in inflation to 42.63%. Structure: Lifeline / 51-300 / 301-600 / 600+."
2023-02-01,2023,Quarterly (AAF),per_band_exact,Residential,51-300,Service Charge,1073.0886,GHp/month,,exact_gazette,"PURC Gazette, 'Publication of Electricity Tariffs' effective 1 Feb 2023 https://www.purc.com.gh/attachment/705636-20230124100135.pdf","+29.96% across-the-board increase, driven by a 40.25% Cedi depreciation vs the 2022-2025 MYTO baseline exchange rate and a jump in inflation to 42.63%. Structure: Lifeline / 51-300 / 301-600 / 600+."
2023-02-01,2023,Quarterly (AAF),per_band_exact,Residential Lifeline,0-30 (exclusive),GHp/kWh,54.4627,GHp/kWh,29.96,exact_gazette,"PURC Gazette, 'Publication of Electricity Tariffs' effective 1 Feb 2023 https://www.purc.com.gh/attachment/705636-20230124100135.pdf","+29.96% across-the-board increase, driven by a 40.25% Cedi depreciation vs the 2022-2025 MYTO baseline exchange rate and a jump in inflation to 42.63%. Structure: Lifeline / 51-300 / 301-600 / 600+."
2023-02-01,2023,Quarterly (AAF),per_band_exact,Residential Lifeline,0-30 (exclusive),Service Charge,213.0,GHp/month,,exact_gazette,"PURC Gazette, 'Publication of Electricity Tariffs' effective 1 Feb 2023 https://www.purc.com.gh/attachment/705636-20230124100135.pdf","+29.96% across-the-board increase, driven by a 40.25% Cedi depreciation vs the 2022-2025 MYTO baseline exchange rate and a jump in inflation to 42.63%. Structure: Lifeline / 51-300 / 301-600 / 600+."
2023-02-01,2023,Quarterly (AAF),per_band_exact,SLT-HV,energy charge,GHp/kWh,137.337,GHp/kWh,29.96,exact_gazette,"PURC Gazette, 'Publication of Electricity Tariffs' effective 1 Feb 2023 https://www.purc.com.gh/attachment/705636-20230124100135.pdf","+29.96% across-the-board increase, driven by a 40.25% Cedi depreciation vs the 2022-2025 MYTO baseline exchange rate and a jump in inflation to 42.63%. Structure: Lifeline / 51-300 / 301-600 / 600+."
2023-02-01,2023,Quarterly (AAF),per_band_exact,SLT-HV,energy charge,Service Charge,50000.0,GHp/month,,exact_gazette,"PURC Gazette, 'Publication of Electricity Tariffs' effective 1 Feb 2023 https://www.purc.com.gh/attachment/705636-20230124100135.pdf","+29.96% across-the-board increase, driven by a 40.25% Cedi depreciation vs the 2022-2025 MYTO baseline exchange rate and a jump in inflation to 42.63%. Structure: Lifeline / 51-300 / 301-600 / 600+."
2023-02-01,2023,Quarterly (AAF),per_band_exact,SLT-HV Mines,energy charge,GHp/kWh,343.0618,GHp/kWh,29.96,exact_gazette,"PURC Gazette, 'Publication of Electricity Tariffs' effective 1 Feb 2023 https://www.purc.com.gh/attachment/705636-20230124100135.pdf","+29.96% across-the-board increase, driven by a 40.25% Cedi depreciation vs the 2022-2025 MYTO baseline exchange rate and a jump in inflation to 42.63%. Structure: Lifeline / 51-300 / 301-600 / 600+."
2023-02-01,2023,Quarterly (AAF),per_band_exact,SLT-HV Mines,energy charge,Service Charge,50000.0,GHp/month,,exact_gazette,"PURC Gazette, 'Publication of Electricity Tariffs' effective 1 Feb 2023 https://www.purc.com.gh/attachment/705636-20230124100135.pdf","+29.96% across-the-board increase, driven by a 40.25% Cedi depreciation vs the 2022-2025 MYTO baseline exchange rate and a jump in inflation to 42.63%. Structure: Lifeline / 51-300 / 301-600 / 600+."
2023-02-01,2023,Quarterly (AAF),per_band_exact,SLT-HV Steel Companies,energy charge,GHp/kWh,96.8627,GHp/kWh,29.96,exact_gazette,"PURC Gazette, 'Publication of Electricity Tariffs' effective 1 Feb 2023 https://www.purc.com.gh/attachment/705636-20230124100135.pdf","+29.96% across-the-board increase, driven by a 40.25% Cedi depreciation vs the 2022-2025 MYTO baseline exchange rate and a jump in inflation to 42.63%. Structure: Lifeline / 51-300 / 301-600 / 600+."
2023-02-01,2023,Quarterly (AAF),per_band_exact,SLT-HV Steel Companies,energy charge,Service Charge,50000.0,GHp/month,,exact_gazette,"PURC Gazette, 'Publication of Electricity Tariffs' effective 1 Feb 2023 https://www.purc.com.gh/attachment/705636-20230124100135.pdf","+29.96% across-the-board increase, driven by a 40.25% Cedi depreciation vs the 2022-2025 MYTO baseline exchange rate and a jump in inflation to 42.63%. Structure: Lifeline / 51-300 / 301-600 / 600+."
2023-02-01,2023,Quarterly (AAF),per_band_exact,SLT-LV,energy charge,GHp/kWh,172.3461,GHp/kWh,29.96,exact_gazette,"PURC Gazette, 'Publication of Electricity Tariffs' effective 1 Feb 2023 https://www.purc.com.gh/attachment/705636-20230124100135.pdf","+29.96% across-the-board increase, driven by a 40.25% Cedi depreciation vs the 2022-2025 MYTO baseline exchange rate and a jump in inflation to 42.63%. Structure: Lifeline / 51-300 / 301-600 / 600+."
2023-02-01,2023,Quarterly (AAF),per_band_exact,SLT-LV,energy charge,Service Charge,50000.0,GHp/month,,exact_gazette,"PURC Gazette, 'Publication of Electricity Tariffs' effective 1 Feb 2023 https://www.purc.com.gh/attachment/705636-20230124100135.pdf","+29.96% across-the-board increase, driven by a 40.25% Cedi depreciation vs the 2022-2025 MYTO baseline exchange rate and a jump in inflation to 42.63%. Structure: Lifeline / 51-300 / 301-600 / 600+."
2023-02-01,2023,Quarterly (AAF),per_band_exact,SLT-MV,energy charge,GHp/kWh,130.8541,GHp/kWh,29.96,exact_gazette,"PURC Gazette, 'Publication of Electricity Tariffs' effective 1 Feb 2023 https://www.purc.com.gh/attachment/705636-20230124100135.pdf","+29.96% across-the-board increase, driven by a 40.25% Cedi depreciation vs the 2022-2025 MYTO baseline exchange rate and a jump in inflation to 42.63%. Structure: Lifeline / 51-300 / 301-600 / 600+."
2023-02-01,2023,Quarterly (AAF),per_band_exact,SLT-MV,energy charge,Service Charge,50000.0,GHp/month,,exact_gazette,"PURC Gazette, 'Publication of Electricity Tariffs' effective 1 Feb 2023 https://www.purc.com.gh/attachment/705636-20230124100135.pdf","+29.96% across-the-board increase, driven by a 40.25% Cedi depreciation vs the 2022-2025 MYTO baseline exchange rate and a jump in inflation to 42.63%. Structure: Lifeline / 51-300 / 301-600 / 600+."
2023-09-01,2023,Quarterly (AAF),per_band_exact,Non-Residential,0-300,GHp/kWh,126.9145,GHp/kWh,4.22,exact_gazette,"PURC, '2024 First Quarter Tariff Decision' (Sep 2023 appendix) https://www.purc.com.gh/attachment/977542-20240320080343.pdf",+4.22% (residential consumers using more than 30 kWh/month). Gazette No. ~ replaced by Gazette No. 116 (2 Jul 2024) at the next review.
2023-09-01,2023,Quarterly (AAF),per_band_exact,Non-Residential,301-600,GHp/kWh,135.0506,GHp/kWh,4.22,exact_gazette,"PURC, '2024 First Quarter Tariff Decision' (Sep 2023 appendix) https://www.purc.com.gh/attachment/977542-20240320080343.pdf",+4.22% (residential consumers using more than 30 kWh/month). Gazette No. ~ replaced by Gazette No. 116 (2 Jul 2024) at the next review.
2023-09-01,2023,Quarterly (AAF),per_band_exact,Non-Residential,600+,GHp/kWh,201.6051,GHp/kWh,4.22,exact_gazette,"PURC, '2024 First Quarter Tariff Decision' (Sep 2023 appendix) https://www.purc.com.gh/attachment/977542-20240320080343.pdf",+4.22% (residential consumers using more than 30 kWh/month). Gazette No. ~ replaced by Gazette No. 116 (2 Jul 2024) at the next review.
2023-09-01,2023,Quarterly (AAF),per_band_exact,Non-Residential,0-300,Service Charge,1242.8245,GHp/month,,exact_gazette,"PURC, '2024 First Quarter Tariff Decision' (Sep 2023 appendix) https://www.purc.com.gh/attachment/977542-20240320080343.pdf",+4.22% (residential consumers using more than 30 kWh/month). Gazette No. ~ replaced by Gazette No. 116 (2 Jul 2024) at the next review.
2023-09-01,2023,Quarterly (AAF),per_band_exact,Residential,51-300,GHp/kWh,140.5722,GHp/kWh,4.22,exact_gazette,"PURC, '2024 First Quarter Tariff Decision' (Sep 2023 appendix) https://www.purc.com.gh/attachment/977542-20240320080343.pdf",+4.22% (residential consumers using more than 30 kWh/month). Gazette No. ~ replaced by Gazette No. 116 (2 Jul 2024) at the next review.
2023-09-01,2023,Quarterly (AAF),per_band_exact,Residential,301-600,GHp/kWh,182.4354,GHp/kWh,4.22,exact_gazette,"PURC, '2024 First Quarter Tariff Decision' (Sep 2023 appendix) https://www.purc.com.gh/attachment/977542-20240320080343.pdf",+4.22% (residential consumers using more than 30 kWh/month). Gazette No. ~ replaced by Gazette No. 116 (2 Jul 2024) at the next review.
2023-09-01,2023,Quarterly (AAF),per_band_exact,Residential,600+,GHp/kWh,202.706,GHp/kWh,4.22,exact_gazette,"PURC, '2024 First Quarter Tariff Decision' (Sep 2023 appendix) https://www.purc.com.gh/attachment/977542-20240320080343.pdf",+4.22% (residential consumers using more than 30 kWh/month). Gazette No. ~ replaced by Gazette No. 116 (2 Jul 2024) at the next review.
2023-09-01,2023,Quarterly (AAF),per_band_exact,Residential,51-300,Service Charge,1073.0886,GHp/month,,exact_gazette,"PURC, '2024 First Quarter Tariff Decision' (Sep 2023 appendix) https://www.purc.com.gh/attachment/977542-20240320080343.pdf",+4.22% (residential consumers using more than 30 kWh/month). Gazette No. ~ replaced by Gazette No. 116 (2 Jul 2024) at the next review.
2023-09-01,2023,Quarterly (AAF),per_band_exact,Residential Lifeline,0-30 (exclusive),GHp/kWh,63.4792,GHp/kWh,4.22,exact_gazette,"PURC, '2024 First Quarter Tariff Decision' (Sep 2023 appendix) https://www.purc.com.gh/attachment/977542-20240320080343.pdf",+4.22% (residential consumers using more than 30 kWh/month). Gazette No. ~ replaced by Gazette No. 116 (2 Jul 2024) at the next review.
2023-09-01,2023,Quarterly (AAF),per_band_exact,Residential Lifeline,0-30 (exclusive),Service Charge,213.0,GHp/month,,exact_gazette,"PURC, '2024 First Quarter Tariff Decision' (Sep 2023 appendix) https://www.purc.com.gh/attachment/977542-20240320080343.pdf",+4.22% (residential consumers using more than 30 kWh/month). Gazette No. ~ replaced by Gazette No. 116 (2 Jul 2024) at the next review.
2023-09-01,2023,Quarterly (AAF),per_band_exact,SLT-HV,energy charge,GHp/kWh,160.0738,GHp/kWh,4.22,exact_gazette,"PURC, '2024 First Quarter Tariff Decision' (Sep 2023 appendix) https://www.purc.com.gh/attachment/977542-20240320080343.pdf",+4.22% (residential consumers using more than 30 kWh/month). Gazette No. ~ replaced by Gazette No. 116 (2 Jul 2024) at the next review.
2023-09-01,2023,Quarterly (AAF),per_band_exact,SLT-HV,energy charge,Service Charge,50000.0,GHp/month,,exact_gazette,"PURC, '2024 First Quarter Tariff Decision' (Sep 2023 appendix) https://www.purc.com.gh/attachment/977542-20240320080343.pdf",+4.22% (residential consumers using more than 30 kWh/month). Gazette No. ~ replaced by Gazette No. 116 (2 Jul 2024) at the next review.
2023-09-01,2023,Quarterly (AAF),per_band_exact,SLT-HV Mines,energy charge,GHp/kWh,399.8573,GHp/kWh,4.22,exact_gazette,"PURC, '2024 First Quarter Tariff Decision' (Sep 2023 appendix) https://www.purc.com.gh/attachment/977542-20240320080343.pdf",+4.22% (residential consumers using more than 30 kWh/month). Gazette No. ~ replaced by Gazette No. 116 (2 Jul 2024) at the next review.
2023-09-01,2023,Quarterly (AAF),per_band_exact,SLT-HV Mines,energy charge,Service Charge,50000.0,GHp/month,,exact_gazette,"PURC, '2024 First Quarter Tariff Decision' (Sep 2023 appendix) https://www.purc.com.gh/attachment/977542-20240320080343.pdf",+4.22% (residential consumers using more than 30 kWh/month). Gazette No. ~ replaced by Gazette No. 116 (2 Jul 2024) at the next review.
2023-09-01,2023,Quarterly (AAF),per_band_exact,SLT-HV Steel Companies,energy charge,GHp/kWh,112.8988,GHp/kWh,4.22,exact_gazette,"PURC, '2024 First Quarter Tariff Decision' (Sep 2023 appendix) https://www.purc.com.gh/attachment/977542-20240320080343.pdf",+4.22% (residential consumers using more than 30 kWh/month). Gazette No. ~ replaced by Gazette No. 116 (2 Jul 2024) at the next review.
2023-09-01,2023,Quarterly (AAF),per_band_exact,SLT-HV Steel Companies,energy charge,Service Charge,50000.0,GHp/month,,exact_gazette,"PURC, '2024 First Quarter Tariff Decision' (Sep 2023 appendix) https://www.purc.com.gh/attachment/977542-20240320080343.pdf",+4.22% (residential consumers using more than 30 kWh/month). Gazette No. ~ replaced by Gazette No. 116 (2 Jul 2024) at the next review.
2023-09-01,2023,Quarterly (AAF),per_band_exact,SLT-LV,energy charge,GHp/kWh,200.8789,GHp/kWh,4.22,exact_gazette,"PURC, '2024 First Quarter Tariff Decision' (Sep 2023 appendix) https://www.purc.com.gh/attachment/977542-20240320080343.pdf",+4.22% (residential consumers using more than 30 kWh/month). Gazette No. ~ replaced by Gazette No. 116 (2 Jul 2024) at the next review.
2023-09-01,2023,Quarterly (AAF),per_band_exact,SLT-LV,energy charge,Service Charge,50000.0,GHp/month,,exact_gazette,"PURC, '2024 First Quarter Tariff Decision' (Sep 2023 appendix) https://www.purc.com.gh/attachment/977542-20240320080343.pdf",+4.22% (residential consumers using more than 30 kWh/month). Gazette No. ~ replaced by Gazette No. 116 (2 Jul 2024) at the next review.
2023-09-01,2023,Quarterly (AAF),per_band_exact,SLT-MV,energy charge,GHp/kWh,152.5176,GHp/kWh,4.22,exact_gazette,"PURC, '2024 First Quarter Tariff Decision' (Sep 2023 appendix) https://www.purc.com.gh/attachment/977542-20240320080343.pdf",+4.22% (residential consumers using more than 30 kWh/month). Gazette No. ~ replaced by Gazette No. 116 (2 Jul 2024) at the next review.
2023-09-01,2023,Quarterly (AAF),per_band_exact,SLT-MV,energy charge,Service Charge,50000.0,GHp/month,,exact_gazette,"PURC, '2024 First Quarter Tariff Decision' (Sep 2023 appendix) https://www.purc.com.gh/attachment/977542-20240320080343.pdf",+4.22% (residential consumers using more than 30 kWh/month). Gazette No. ~ replaced by Gazette No. 116 (2 Jul 2024) at the next review.
2024-04-01,2024,"Quarterly (AAF, restructuring)",computed_partial,Non-Residential,300 kWh and above (avg),GHp/kWh,,GHp/kWh,-4.98,narrative_only,"PURC, '2024 First Quarter Tariff Decision' (Sep 2023 appendix) https://www.purc.com.gh/attachment/977542-20240320080343.pdf",Average reduction stated by PURC; per-band split not published.
2024-04-01,2024,"Quarterly (AAF, restructuring)",computed_partial,Residential,300 kWh and above (avg),GHp/kWh,,GHp/kWh,-6.56,narrative_only,"PURC, '2024 First Quarter Tariff Decision' (Sep 2023 appendix) https://www.purc.com.gh/attachment/977542-20240320080343.pdf","PURC states an average 6.56% reduction for residential consumers using >=300 kWh/month; per-band split not published, and this is also when the 4-band structure (0-30/51-300/301-600/600+) was likely collapsed to 3 bands (0-30/0-300/301+), so no single clean 'old x (1-0.0656)' figure can be derived."
2024-04-01,2024,"Quarterly (AAF, restructuring)",computed_partial,Residential Lifeline,0-30 (exclusive),GHp/kWh,63.4792,GHp/kWh,0,exact_gazette,"PURC, '2024 First Quarter Tariff Decision' (Sep 2023 appendix) https://www.purc.com.gh/attachment/977542-20240320080343.pdf",PURC's Q1 2024 decision explicitly states Lifeline customers saw 0% change vs Sep 2023.
2024-04-01,2024,"Quarterly (AAF, restructuring)",computed_partial,SLT-LV,energy charge,GHp/kWh,,GHp/kWh,-4.88,narrative_only,"PURC, '2024 First Quarter Tariff Decision' (Sep 2023 appendix) https://www.purc.com.gh/attachment/977542-20240320080343.pdf",Reduction stated by PURC. Also in this review: SLT-MV and SLT-HV (incl. Steel Companies) were merged into one SLT-MV/HV category.
2024-07-01,2024,Quarterly (AAF),computed_derived,Non-Residential,0-300,GHp/kWh,134.3206,GHp/kWh,,computed_from_pct,"Graphic Online, 'PURC announces 3.02% hike in electricity tariffs ... effective October 1' (2024) https://www.graphic.com.gh/news/general-news/purc-announces-3-02-hike-in-electricity-tariffs-1-06-in-water-tariffs-effective-october-1.html ; PURC Gazette, 'Publication of Electricity Tariffs' effective 1 Oct 2024 https://www.purc.com.gh/attachment/704231-20241001051038.pdf","Derived by dividing the exact 1 Oct 2024 gazetted rate by the published +3.02% Q3 2024 (Jul->Oct) adjustment. Effective date corresponds to Gazette No. 116 (2 Jul 2024), whose own figures were not found as machine-readable text."
2024-07-01,2024,Quarterly (AAF),computed_derived,Non-Residential,301+,GHp/kWh,166.9283,GHp/kWh,,computed_from_pct,"Graphic Online, 'PURC announces 3.02% hike in electricity tariffs ... effective October 1' (2024) https://www.graphic.com.gh/news/general-news/purc-announces-3-02-hike-in-electricity-tariffs-1-06-in-water-tariffs-effective-october-1.html ; PURC Gazette, 'Publication of Electricity Tariffs' effective 1 Oct 2024 https://www.purc.com.gh/attachment/704231-20241001051038.pdf","Derived by dividing the exact 1 Oct 2024 gazetted rate by the published +3.02% Q3 2024 (Jul->Oct) adjustment. Effective date corresponds to Gazette No. 116 (2 Jul 2024), whose own figures were not found as machine-readable text."
2024-07-01,2024,Quarterly (AAF),computed_derived,Residential,0-300,GHp/kWh,148.7753,GHp/kWh,,computed_from_pct,"Graphic Online, 'PURC announces 3.02% hike in electricity tariffs ... effective October 1' (2024) https://www.graphic.com.gh/news/general-news/purc-announces-3-02-hike-in-electricity-tariffs-1-06-in-water-tariffs-effective-october-1.html ; PURC Gazette, 'Publication of Electricity Tariffs' effective 1 Oct 2024 https://www.purc.com.gh/attachment/704231-20241001051038.pdf","Derived by dividing the exact 1 Oct 2024 gazetted rate by the published +3.02% Q3 2024 (Jul->Oct) adjustment. Effective date corresponds to Gazette No. 116 (2 Jul 2024), whose own figures were not found as machine-readable text."
2024-07-01,2024,Quarterly (AAF),computed_derived,Residential,301+,GHp/kWh,196.5822,GHp/kWh,,computed_from_pct,"Graphic Online, 'PURC announces 3.02% hike in electricity tariffs ... effective October 1' (2024) https://www.graphic.com.gh/news/general-news/purc-announces-3-02-hike-in-electricity-tariffs-1-06-in-water-tariffs-effective-october-1.html ; PURC Gazette, 'Publication of Electricity Tariffs' effective 1 Oct 2024 https://www.purc.com.gh/attachment/704231-20241001051038.pdf","Derived by dividing the exact 1 Oct 2024 gazetted rate by the published +3.02% Q3 2024 (Jul->Oct) adjustment. Effective date corresponds to Gazette No. 116 (2 Jul 2024), whose own figures were not found as machine-readable text."
2024-07-01,2024,Quarterly (AAF),computed_derived,Residential Lifeline,0-30 (exclusive),GHp/kWh,65.6664,GHp/kWh,,computed_from_pct,"Graphic Online, 'PURC announces 3.02% hike in electricity tariffs ... effective October 1' (2024) https://www.graphic.com.gh/news/general-news/purc-announces-3-02-hike-in-electricity-tariffs-1-06-in-water-tariffs-effective-october-1.html ; PURC Gazette, 'Publication of Electricity Tariffs' effective 1 Oct 2024 https://www.purc.com.gh/attachment/704231-20241001051038.pdf","Derived by dividing the exact 1 Oct 2024 gazetted rate by the published +3.02% Q3 2024 (Jul->Oct) adjustment. Effective date corresponds to Gazette No. 116 (2 Jul 2024), whose own figures were not found as machine-readable text."
2024-07-01,2024,Quarterly (AAF),computed_derived,SLT-HV Mines,energy charge,GHp/kWh,419.5124,GHp/kWh,,computed_from_pct,"Graphic Online, 'PURC announces 3.02% hike in electricity tariffs ... effective October 1' (2024) https://www.graphic.com.gh/news/general-news/purc-announces-3-02-hike-in-electricity-tariffs-1-06-in-water-tariffs-effective-october-1.html ; PURC Gazette, 'Publication of Electricity Tariffs' effective 1 Oct 2024 https://www.purc.com.gh/attachment/704231-20241001051038.pdf","Derived by dividing the exact 1 Oct 2024 gazetted rate by the published +3.02% Q3 2024 (Jul->Oct) adjustment. Effective date corresponds to Gazette No. 116 (2 Jul 2024), whose own figures were not found as machine-readable text."
2024-07-01,2024,Quarterly (AAF),computed_derived,SLT-LV,energy charge,GHp/kWh,200.463,GHp/kWh,,computed_from_pct,"Graphic Online, 'PURC announces 3.02% hike in electricity tariffs ... effective October 1' (2024) https://www.graphic.com.gh/news/general-news/purc-announces-3-02-hike-in-electricity-tariffs-1-06-in-water-tariffs-effective-october-1.html ; PURC Gazette, 'Publication of Electricity Tariffs' effective 1 Oct 2024 https://www.purc.com.gh/attachment/704231-20241001051038.pdf","Derived by dividing the exact 1 Oct 2024 gazetted rate by the published +3.02% Q3 2024 (Jul->Oct) adjustment. Effective date corresponds to Gazette No. 116 (2 Jul 2024), whose own figures were not found as machine-readable text."
2024-07-01,2024,Quarterly (AAF),computed_derived,SLT-MV/HV,energy charge,GHp/kWh,160.0147,GHp/kWh,,computed_from_pct,"Graphic Online, 'PURC announces 3.02% hike in electricity tariffs ... effective October 1' (2024) https://www.graphic.com.gh/news/general-news/purc-announces-3-02-hike-in-electricity-tariffs-1-06-in-water-tariffs-effective-october-1.html ; PURC Gazette, 'Publication of Electricity Tariffs' effective 1 Oct 2024 https://www.purc.com.gh/attachment/704231-20241001051038.pdf","Derived by dividing the exact 1 Oct 2024 gazetted rate by the published +3.02% Q3 2024 (Jul->Oct) adjustment. Effective date corresponds to Gazette No. 116 (2 Jul 2024), whose own figures were not found as machine-readable text."
2024-07-01,2024,Quarterly (AAF),computed_derived,SLT-MV2,energy charge,GHp/kWh,104.4,GHp/kWh,,computed_from_pct,"Graphic Online, 'PURC announces 3.02% hike in electricity tariffs ... effective October 1' (2024) https://www.graphic.com.gh/news/general-news/purc-announces-3-02-hike-in-electricity-tariffs-1-06-in-water-tariffs-effective-october-1.html ; PURC Gazette, 'Publication of Electricity Tariffs' effective 1 Oct 2024 https://www.purc.com.gh/attachment/704231-20241001051038.pdf","Derived by dividing the exact 1 Oct 2024 gazetted rate by the published +3.02% Q3 2024 (Jul->Oct) adjustment. Effective date corresponds to Gazette No. 116 (2 Jul 2024), whose own figures were not found as machine-readable text."
2024-10-01,2024,Quarterly (AAF),per_band_exact,Non-Residential,0-300,GHp/kWh,138.3771,GHp/kWh,3.02,exact_gazette,"PURC Gazette, 'Publication of Electricity Tariffs' effective 1 Oct 2024 https://www.purc.com.gh/attachment/704231-20241001051038.pdf ; Graphic Online, 'PURC announces 3.02% hike in electricity tariffs ... effective October 1' (2024) https://www.graphic.com.gh/news/general-news/purc-announces-3-02-hike-in-electricity-tariffs-1-06-in-water-tariffs-effective-october-1.html",+3.02% across the board (Q3 2024 review). Band structure restructured (from Q1 2024) to just Lifeline / 0-300 / 301+; SLT-MV and SLT-HV merged into one SLT-MV/HV category; a new SLT-MV2 category introduced.
2024-10-01,2024,Quarterly (AAF),per_band_exact,Non-Residential,301+,GHp/kWh,171.9695,GHp/kWh,3.02,exact_gazette,"PURC Gazette, 'Publication of Electricity Tariffs' effective 1 Oct 2024 https://www.purc.com.gh/attachment/704231-20241001051038.pdf ; Graphic Online, 'PURC announces 3.02% hike in electricity tariffs ... effective October 1' (2024) https://www.graphic.com.gh/news/general-news/purc-announces-3-02-hike-in-electricity-tariffs-1-06-in-water-tariffs-effective-october-1.html",+3.02% across the board (Q3 2024 review). Band structure restructured (from Q1 2024) to just Lifeline / 0-300 / 301+; SLT-MV and SLT-HV merged into one SLT-MV/HV category; a new SLT-MV2 category introduced.
2024-10-01,2024,Quarterly (AAF),per_band_exact,Non-Residential,0-300,Service Charge,1242.8245,GHp/month,,exact_gazette,"PURC Gazette, 'Publication of Electricity Tariffs' effective 1 Oct 2024 https://www.purc.com.gh/attachment/704231-20241001051038.pdf ; Graphic Online, 'PURC announces 3.02% hike in electricity tariffs ... effective October 1' (2024) https://www.graphic.com.gh/news/general-news/purc-announces-3-02-hike-in-electricity-tariffs-1-06-in-water-tariffs-effective-october-1.html",+3.02% across the board (Q3 2024 review). Band structure restructured (from Q1 2024) to just Lifeline / 0-300 / 301+; SLT-MV and SLT-HV merged into one SLT-MV/HV category; a new SLT-MV2 category introduced.
2024-10-01,2024,Quarterly (AAF),per_band_exact,Residential,0-300,GHp/kWh,153.2683,GHp/kWh,3.02,exact_gazette,"PURC Gazette, 'Publication of Electricity Tariffs' effective 1 Oct 2024 https://www.purc.com.gh/attachment/704231-20241001051038.pdf ; Graphic Online, 'PURC announces 3.02% hike in electricity tariffs ... effective October 1' (2024) https://www.graphic.com.gh/news/general-news/purc-announces-3-02-hike-in-electricity-tariffs-1-06-in-water-tariffs-effective-october-1.html",+3.02% across the board (Q3 2024 review). Band structure restructured (from Q1 2024) to just Lifeline / 0-300 / 301+; SLT-MV and SLT-HV merged into one SLT-MV/HV category; a new SLT-MV2 category introduced.
2024-10-01,2024,Quarterly (AAF),per_band_exact,Residential,301+,GHp/kWh,202.519,GHp/kWh,3.02,exact_gazette,"PURC Gazette, 'Publication of Electricity Tariffs' effective 1 Oct 2024 https://www.purc.com.gh/attachment/704231-20241001051038.pdf ; Graphic Online, 'PURC announces 3.02% hike in electricity tariffs ... effective October 1' (2024) https://www.graphic.com.gh/news/general-news/purc-announces-3-02-hike-in-electricity-tariffs-1-06-in-water-tariffs-effective-october-1.html",+3.02% across the board (Q3 2024 review). Band structure restructured (from Q1 2024) to just Lifeline / 0-300 / 301+; SLT-MV and SLT-HV merged into one SLT-MV/HV category; a new SLT-MV2 category introduced.
2024-10-01,2024,Quarterly (AAF),per_band_exact,Residential,0-300,Service Charge,1073.0886,GHp/month,,exact_gazette,"PURC Gazette, 'Publication of Electricity Tariffs' effective 1 Oct 2024 https://www.purc.com.gh/attachment/704231-20241001051038.pdf ; Graphic Online, 'PURC announces 3.02% hike in electricity tariffs ... effective October 1' (2024) https://www.graphic.com.gh/news/general-news/purc-announces-3-02-hike-in-electricity-tariffs-1-06-in-water-tariffs-effective-october-1.html",+3.02% across the board (Q3 2024 review). Band structure restructured (from Q1 2024) to just Lifeline / 0-300 / 301+; SLT-MV and SLT-HV merged into one SLT-MV/HV category; a new SLT-MV2 category introduced.
2024-10-01,2024,Quarterly (AAF),per_band_exact,Residential Lifeline,0-30 (exclusive),GHp/kWh,67.6495,GHp/kWh,3.02,exact_gazette,"PURC Gazette, 'Publication of Electricity Tariffs' effective 1 Oct 2024 https://www.purc.com.gh/attachment/704231-20241001051038.pdf ; Graphic Online, 'PURC announces 3.02% hike in electricity tariffs ... effective October 1' (2024) https://www.graphic.com.gh/news/general-news/purc-announces-3-02-hike-in-electricity-tariffs-1-06-in-water-tariffs-effective-october-1.html",+3.02% across the board (Q3 2024 review). Band structure restructured (from Q1 2024) to just Lifeline / 0-300 / 301+; SLT-MV and SLT-HV merged into one SLT-MV/HV category; a new SLT-MV2 category introduced.
2024-10-01,2024,Quarterly (AAF),per_band_exact,Residential Lifeline,0-30 (exclusive),Service Charge,213.0,GHp/month,,exact_gazette,"PURC Gazette, 'Publication of Electricity Tariffs' effective 1 Oct 2024 https://www.purc.com.gh/attachment/704231-20241001051038.pdf ; Graphic Online, 'PURC announces 3.02% hike in electricity tariffs ... effective October 1' (2024) https://www.graphic.com.gh/news/general-news/purc-announces-3-02-hike-in-electricity-tariffs-1-06-in-water-tariffs-effective-october-1.html",+3.02% across the board (Q3 2024 review). Band structure restructured (from Q1 2024) to just Lifeline / 0-300 / 301+; SLT-MV and SLT-HV merged into one SLT-MV/HV category; a new SLT-MV2 category introduced.
2024-10-01,2024,Quarterly (AAF),per_band_exact,SLT-HV Mines,energy charge,GHp/kWh,432.1817,GHp/kWh,3.02,exact_gazette,"PURC Gazette, 'Publication of Electricity Tariffs' effective 1 Oct 2024 https://www.purc.com.gh/attachment/704231-20241001051038.pdf ; Graphic Online, 'PURC announces 3.02% hike in electricity tariffs ... effective October 1' (2024) https://www.graphic.com.gh/news/general-news/purc-announces-3-02-hike-in-electricity-tariffs-1-06-in-water-tariffs-effective-october-1.html",+3.02% across the board (Q3 2024 review). Band structure restructured (from Q1 2024) to just Lifeline / 0-300 / 301+; SLT-MV and SLT-HV merged into one SLT-MV/HV category; a new SLT-MV2 category introduced.
2024-10-01,2024,Quarterly (AAF),per_band_exact,SLT-HV Mines,energy charge,Service Charge,50000.0,GHp/month,,exact_gazette,"PURC Gazette, 'Publication of Electricity Tariffs' effective 1 Oct 2024 https://www.purc.com.gh/attachment/704231-20241001051038.pdf ; Graphic Online, 'PURC announces 3.02% hike in electricity tariffs ... effective October 1' (2024) https://www.graphic.com.gh/news/general-news/purc-announces-3-02-hike-in-electricity-tariffs-1-06-in-water-tariffs-effective-october-1.html",+3.02% across the board (Q3 2024 review). Band structure restructured (from Q1 2024) to just Lifeline / 0-300 / 301+; SLT-MV and SLT-HV merged into one SLT-MV/HV category; a new SLT-MV2 category introduced.
2024-10-01,2024,Quarterly (AAF),per_band_exact,SLT-LV,energy charge,GHp/kWh,206.517,GHp/kWh,3.02,exact_gazette,"PURC Gazette, 'Publication of Electricity Tariffs' effective 1 Oct 2024 https://www.purc.com.gh/attachment/704231-20241001051038.pdf ; Graphic Online, 'PURC announces 3.02% hike in electricity tariffs ... effective October 1' (2024) https://www.graphic.com.gh/news/general-news/purc-announces-3-02-hike-in-electricity-tariffs-1-06-in-water-tariffs-effective-october-1.html",+3.02% across the board (Q3 2024 review). Band structure restructured (from Q1 2024) to just Lifeline / 0-300 / 301+; SLT-MV and SLT-HV merged into one SLT-MV/HV category; a new SLT-MV2 category introduced.
2024-10-01,2024,Quarterly (AAF),per_band_exact,SLT-LV,energy charge,Service Charge,50000.0,GHp/month,,exact_gazette,"PURC Gazette, 'Publication of Electricity Tariffs' effective 1 Oct 2024 https://www.purc.com.gh/attachment/704231-20241001051038.pdf ; Graphic Online, 'PURC announces 3.02% hike in electricity tariffs ... effective October 1' (2024) https://www.graphic.com.gh/news/general-news/purc-announces-3-02-hike-in-electricity-tariffs-1-06-in-water-tariffs-effective-october-1.html",+3.02% across the board (Q3 2024 review). Band structure restructured (from Q1 2024) to just Lifeline / 0-300 / 301+; SLT-MV and SLT-HV merged into one SLT-MV/HV category; a new SLT-MV2 category introduced.
2024-10-01,2024,Quarterly (AAF),per_band_exact,SLT-MV/HV,energy charge,GHp/kWh,164.8471,GHp/kWh,3.02,exact_gazette,"PURC Gazette, 'Publication of Electricity Tariffs' effective 1 Oct 2024 https://www.purc.com.gh/attachment/704231-20241001051038.pdf ; Graphic Online, 'PURC announces 3.02% hike in electricity tariffs ... effective October 1' (2024) https://www.graphic.com.gh/news/general-news/purc-announces-3-02-hike-in-electricity-tariffs-1-06-in-water-tariffs-effective-october-1.html",+3.02% across the board (Q3 2024 review). Band structure restructured (from Q1 2024) to just Lifeline / 0-300 / 301+; SLT-MV and SLT-HV merged into one SLT-MV/HV category; a new SLT-MV2 category introduced.
2024-10-01,2024,Quarterly (AAF),per_band_exact,SLT-MV/HV,energy charge,Service Charge,50000.0,GHp/month,,exact_gazette,"PURC Gazette, 'Publication of Electricity Tariffs' effective 1 Oct 2024 https://www.purc.com.gh/attachment/704231-20241001051038.pdf ; Graphic Online, 'PURC announces 3.02% hike in electricity tariffs ... effective October 1' (2024) https://www.graphic.com.gh/news/general-news/purc-announces-3-02-hike-in-electricity-tariffs-1-06-in-water-tariffs-effective-october-1.html",+3.02% across the board (Q3 2024 review). Band structure restructured (from Q1 2024) to just Lifeline / 0-300 / 301+; SLT-MV and SLT-HV merged into one SLT-MV/HV category; a new SLT-MV2 category introduced.
2024-10-01,2024,Quarterly (AAF),per_band_exact,SLT-MV2,energy charge,GHp/kWh,107.5529,GHp/kWh,3.02,exact_gazette,"PURC Gazette, 'Publication of Electricity Tariffs' effective 1 Oct 2024 https://www.purc.com.gh/attachment/704231-20241001051038.pdf ; Graphic Online, 'PURC announces 3.02% hike in electricity tariffs ... effective October 1' (2024) https://www.graphic.com.gh/news/general-news/purc-announces-3-02-hike-in-electricity-tariffs-1-06-in-water-tariffs-effective-october-1.html",+3.02% across the board (Q3 2024 review). Band structure restructured (from Q1 2024) to just Lifeline / 0-300 / 301+; SLT-MV and SLT-HV merged into one SLT-MV/HV category; a new SLT-MV2 category introduced.
2024-10-01,2024,Quarterly (AAF),per_band_exact,SLT-MV2,energy charge,Service Charge,50000.0,GHp/month,,exact_gazette,"PURC Gazette, 'Publication of Electricity Tariffs' effective 1 Oct 2024 https://www.purc.com.gh/attachment/704231-20241001051038.pdf ; Graphic Online, 'PURC announces 3.02% hike in electricity tariffs ... effective October 1' (2024) https://www.graphic.com.gh/news/general-news/purc-announces-3-02-hike-in-electricity-tariffs-1-06-in-water-tariffs-effective-october-1.html",+3.02% across the board (Q3 2024 review). Band structure restructured (from Q1 2024) to just Lifeline / 0-300 / 301+; SLT-MV and SLT-HV merged into one SLT-MV/HV category; a new SLT-MV2 category introduced.
2025-05-03,2025,Major (2025 catch-up + Q1/Q2 2025),per_band_exact,Non-Residential,0-300,GHp/kWh,158.7868,GHp/kWh,14.75,exact_gazette,"PURC, 'Approved Electricity Rates Effective May 03, 2025' https://www.purc.com.gh/attachment/720141-20250411070456.pdf ; PURC, '2025 Second Quarter Tariff Decision' https://www.purc.com.gh/attachment/193147-20250508090515.pdf","+14.75% across the board -- combines the Q1 2025 and Q2 2025 revenue effects, plus passing on 50% of outstanding under-recovered revenue from Q2/Q3 2024 (GHS 488.42m) to consumers. Driven mainly by a 39.53% jump in VRA's bulk generation charge."
2025-05-03,2025,Major (2025 catch-up + Q1/Q2 2025),per_band_exact,Non-Residential,301+,GHp/kWh,197.3338,GHp/kWh,14.75,exact_gazette,"PURC, 'Approved Electricity Rates Effective May 03, 2025' https://www.purc.com.gh/attachment/720141-20250411070456.pdf ; PURC, '2025 Second Quarter Tariff Decision' https://www.purc.com.gh/attachment/193147-20250508090515.pdf","+14.75% across the board -- combines the Q1 2025 and Q2 2025 revenue effects, plus passing on 50% of outstanding under-recovered revenue from Q2/Q3 2024 (GHS 488.42m) to consumers. Driven mainly by a 39.53% jump in VRA's bulk generation charge."
2025-05-03,2025,Major (2025 catch-up + Q1/Q2 2025),per_band_exact,Non-Residential,0-300,Service Charge,1242.8245,GHp/month,,exact_gazette,"PURC, 'Approved Electricity Rates Effective May 03, 2025' https://www.purc.com.gh/attachment/720141-20250411070456.pdf ; PURC, '2025 Second Quarter Tariff Decision' https://www.purc.com.gh/attachment/193147-20250508090515.pdf","+14.75% across the board -- combines the Q1 2025 and Q2 2025 revenue effects, plus passing on 50% of outstanding under-recovered revenue from Q2/Q3 2024 (GHS 488.42m) to consumers. Driven mainly by a 39.53% jump in VRA's bulk generation charge."
2025-05-03,2025,Major (2025 catch-up + Q1/Q2 2025),per_band_exact,Residential,0-300,GHp/kWh,175.8743,GHp/kWh,14.75,exact_gazette,"PURC, 'Approved Electricity Rates Effective May 03, 2025' https://www.purc.com.gh/attachment/720141-20250411070456.pdf ; PURC, '2025 Second Quarter Tariff Decision' https://www.purc.com.gh/attachment/193147-20250508090515.pdf","+14.75% across the board -- combines the Q1 2025 and Q2 2025 revenue effects, plus passing on 50% of outstanding under-recovered revenue from Q2/Q3 2024 (GHS 488.42m) to consumers. Driven mainly by a 39.53% jump in VRA's bulk generation charge."
2025-05-03,2025,Major (2025 catch-up + Q1/Q2 2025),per_band_exact,Residential,301+,GHp/kWh,232.3892,GHp/kWh,14.75,exact_gazette,"PURC, 'Approved Electricity Rates Effective May 03, 2025' https://www.purc.com.gh/attachment/720141-20250411070456.pdf ; PURC, '2025 Second Quarter Tariff Decision' https://www.purc.com.gh/attachment/193147-20250508090515.pdf","+14.75% across the board -- combines the Q1 2025 and Q2 2025 revenue effects, plus passing on 50% of outstanding under-recovered revenue from Q2/Q3 2024 (GHS 488.42m) to consumers. Driven mainly by a 39.53% jump in VRA's bulk generation charge."
2025-05-03,2025,Major (2025 catch-up + Q1/Q2 2025),per_band_exact,Residential,0-300,Service Charge,1073.0886,GHp/month,,exact_gazette,"PURC, 'Approved Electricity Rates Effective May 03, 2025' https://www.purc.com.gh/attachment/720141-20250411070456.pdf ; PURC, '2025 Second Quarter Tariff Decision' https://www.purc.com.gh/attachment/193147-20250508090515.pdf","+14.75% across the board -- combines the Q1 2025 and Q2 2025 revenue effects, plus passing on 50% of outstanding under-recovered revenue from Q2/Q3 2024 (GHS 488.42m) to consumers. Driven mainly by a 39.53% jump in VRA's bulk generation charge."
2025-05-03,2025,Major (2025 catch-up + Q1/Q2 2025),per_band_exact,Residential Lifeline,0-30 (exclusive),GHp/kWh,77.6274,GHp/kWh,14.75,exact_gazette,"PURC, 'Approved Electricity Rates Effective May 03, 2025' https://www.purc.com.gh/attachment/720141-20250411070456.pdf ; PURC, '2025 Second Quarter Tariff Decision' https://www.purc.com.gh/attachment/193147-20250508090515.pdf","+14.75% across the board -- combines the Q1 2025 and Q2 2025 revenue effects, plus passing on 50% of outstanding under-recovered revenue from Q2/Q3 2024 (GHS 488.42m) to consumers. Driven mainly by a 39.53% jump in VRA's bulk generation charge."
2025-05-03,2025,Major (2025 catch-up + Q1/Q2 2025),per_band_exact,Residential Lifeline,0-30 (exclusive),Service Charge,213.0,GHp/month,,exact_gazette,"PURC, 'Approved Electricity Rates Effective May 03, 2025' https://www.purc.com.gh/attachment/720141-20250411070456.pdf ; PURC, '2025 Second Quarter Tariff Decision' https://www.purc.com.gh/attachment/193147-20250508090515.pdf","+14.75% across the board -- combines the Q1 2025 and Q2 2025 revenue effects, plus passing on 50% of outstanding under-recovered revenue from Q2/Q3 2024 (GHS 488.42m) to consumers. Driven mainly by a 39.53% jump in VRA's bulk generation charge."
2025-05-03,2025,Major (2025 catch-up + Q1/Q2 2025),per_band_exact,SLT-HV,energy charge,GHp/kWh,189.1609,GHp/kWh,14.75,exact_gazette,"PURC, 'Approved Electricity Rates Effective May 03, 2025' https://www.purc.com.gh/attachment/720141-20250411070456.pdf ; PURC, '2025 Second Quarter Tariff Decision' https://www.purc.com.gh/attachment/193147-20250508090515.pdf","+14.75% across the board -- combines the Q1 2025 and Q2 2025 revenue effects, plus passing on 50% of outstanding under-recovered revenue from Q2/Q3 2024 (GHS 488.42m) to consumers. Driven mainly by a 39.53% jump in VRA's bulk generation charge."
2025-05-03,2025,Major (2025 catch-up + Q1/Q2 2025),per_band_exact,SLT-HV,energy charge,Service Charge,50000.0,GHp/month,,exact_gazette,"PURC, 'Approved Electricity Rates Effective May 03, 2025' https://www.purc.com.gh/attachment/720141-20250411070456.pdf ; PURC, '2025 Second Quarter Tariff Decision' https://www.purc.com.gh/attachment/193147-20250508090515.pdf","+14.75% across the board -- combines the Q1 2025 and Q2 2025 revenue effects, plus passing on 50% of outstanding under-recovered revenue from Q2/Q3 2024 (GHS 488.42m) to consumers. Driven mainly by a 39.53% jump in VRA's bulk generation charge."
2025-05-03,2025,Major (2025 catch-up + Q1/Q2 2025),per_band_exact,SLT-HV Mines,energy charge,GHp/kWh,495.9255,GHp/kWh,14.75,exact_gazette,"PURC, 'Approved Electricity Rates Effective May 03, 2025' https://www.purc.com.gh/attachment/720141-20250411070456.pdf ; PURC, '2025 Second Quarter Tariff Decision' https://www.purc.com.gh/attachment/193147-20250508090515.pdf","+14.75% across the board -- combines the Q1 2025 and Q2 2025 revenue effects, plus passing on 50% of outstanding under-recovered revenue from Q2/Q3 2024 (GHS 488.42m) to consumers. Driven mainly by a 39.53% jump in VRA's bulk generation charge."
2025-05-03,2025,Major (2025 catch-up + Q1/Q2 2025),per_band_exact,SLT-HV Mines,energy charge,Service Charge,50000.0,GHp/month,,exact_gazette,"PURC, 'Approved Electricity Rates Effective May 03, 2025' https://www.purc.com.gh/attachment/720141-20250411070456.pdf ; PURC, '2025 Second Quarter Tariff Decision' https://www.purc.com.gh/attachment/193147-20250508090515.pdf","+14.75% across the board -- combines the Q1 2025 and Q2 2025 revenue effects, plus passing on 50% of outstanding under-recovered revenue from Q2/Q3 2024 (GHS 488.42m) to consumers. Driven mainly by a 39.53% jump in VRA's bulk generation charge."
2025-05-03,2025,Major (2025 catch-up + Q1/Q2 2025),per_band_exact,SLT-LV,energy charge,GHp/kWh,236.9769,GHp/kWh,14.75,exact_gazette,"PURC, 'Approved Electricity Rates Effective May 03, 2025' https://www.purc.com.gh/attachment/720141-20250411070456.pdf ; PURC, '2025 Second Quarter Tariff Decision' https://www.purc.com.gh/attachment/193147-20250508090515.pdf","+14.75% across the board -- combines the Q1 2025 and Q2 2025 revenue effects, plus passing on 50% of outstanding under-recovered revenue from Q2/Q3 2024 (GHS 488.42m) to consumers. Driven mainly by a 39.53% jump in VRA's bulk generation charge."
2025-05-03,2025,Major (2025 catch-up + Q1/Q2 2025),per_band_exact,SLT-LV,energy charge,Service Charge,50000.0,GHp/month,,exact_gazette,"PURC, 'Approved Electricity Rates Effective May 03, 2025' https://www.purc.com.gh/attachment/720141-20250411070456.pdf ; PURC, '2025 Second Quarter Tariff Decision' https://www.purc.com.gh/attachment/193147-20250508090515.pdf","+14.75% across the board -- combines the Q1 2025 and Q2 2025 revenue effects, plus passing on 50% of outstanding under-recovered revenue from Q2/Q3 2024 (GHS 488.42m) to consumers. Driven mainly by a 39.53% jump in VRA's bulk generation charge."
2025-05-03,2025,Major (2025 catch-up + Q1/Q2 2025),per_band_exact,SLT-MV,energy charge,GHp/kWh,189.1609,GHp/kWh,14.75,exact_gazette,"PURC, 'Approved Electricity Rates Effective May 03, 2025' https://www.purc.com.gh/attachment/720141-20250411070456.pdf ; PURC, '2025 Second Quarter Tariff Decision' https://www.purc.com.gh/attachment/193147-20250508090515.pdf","+14.75% across the board -- combines the Q1 2025 and Q2 2025 revenue effects, plus passing on 50% of outstanding under-recovered revenue from Q2/Q3 2024 (GHS 488.42m) to consumers. Driven mainly by a 39.53% jump in VRA's bulk generation charge."
2025-05-03,2025,Major (2025 catch-up + Q1/Q2 2025),per_band_exact,SLT-MV,energy charge,Service Charge,50000.0,GHp/month,,exact_gazette,"PURC, 'Approved Electricity Rates Effective May 03, 2025' https://www.purc.com.gh/attachment/720141-20250411070456.pdf ; PURC, '2025 Second Quarter Tariff Decision' https://www.purc.com.gh/attachment/193147-20250508090515.pdf","+14.75% across the board -- combines the Q1 2025 and Q2 2025 revenue effects, plus passing on 50% of outstanding under-recovered revenue from Q2/Q3 2024 (GHS 488.42m) to consumers. Driven mainly by a 39.53% jump in VRA's bulk generation charge."
2025-05-03,2025,Major (2025 catch-up + Q1/Q2 2025),per_band_exact,SLT-MV2,energy charge,GHp/kWh,123.4162,GHp/kWh,14.75,exact_gazette,"PURC, 'Approved Electricity Rates Effective May 03, 2025' https://www.purc.com.gh/attachment/720141-20250411070456.pdf ; PURC, '2025 Second Quarter Tariff Decision' https://www.purc.com.gh/attachment/193147-20250508090515.pdf","+14.75% across the board -- combines the Q1 2025 and Q2 2025 revenue effects, plus passing on 50% of outstanding under-recovered revenue from Q2/Q3 2024 (GHS 488.42m) to consumers. Driven mainly by a 39.53% jump in VRA's bulk generation charge."
2025-05-03,2025,Major (2025 catch-up + Q1/Q2 2025),per_band_exact,SLT-MV2,energy charge,Service Charge,50000.0,GHp/month,,exact_gazette,"PURC, 'Approved Electricity Rates Effective May 03, 2025' https://www.purc.com.gh/attachment/720141-20250411070456.pdf ; PURC, '2025 Second Quarter Tariff Decision' https://www.purc.com.gh/attachment/193147-20250508090515.pdf","+14.75% across the board -- combines the Q1 2025 and Q2 2025 revenue effects, plus passing on 50% of outstanding under-recovered revenue from Q2/Q3 2024 (GHS 488.42m) to consumers. Driven mainly by a 39.53% jump in VRA's bulk generation charge."
2025-07-01,2025,Quarterly (AAF),per_band_exact,Non-Residential,0-300,GHp/kWh,162.6801,GHp/kWh,2.45,exact_gazette,"PURC, '2025 Third Quarter Tariff Decision' https://www.purc.com.gh/attachment/938345-20250904060938.pdf",+2.45% across the board.
2025-07-01,2025,Quarterly (AAF),per_band_exact,Non-Residential,301+,GHp/kWh,202.1723,GHp/kWh,2.45,exact_gazette,"PURC, '2025 Third Quarter Tariff Decision' https://www.purc.com.gh/attachment/938345-20250904060938.pdf",+2.45% across the board.
2025-07-01,2025,Quarterly (AAF),per_band_exact,Non-Residential,0-300,Service Charge,1242.8245,GHp/month,,exact_gazette,"PURC, '2025 Third Quarter Tariff Decision' https://www.purc.com.gh/attachment/938345-20250904060938.pdf",+2.45% across the board.
2025-07-01,2025,Quarterly (AAF),per_band_exact,Residential,0-300,GHp/kWh,180.1867,GHp/kWh,2.45,exact_gazette,"PURC, '2025 Third Quarter Tariff Decision' https://www.purc.com.gh/attachment/938345-20250904060938.pdf",+2.45% across the board.
2025-07-01,2025,Quarterly (AAF),per_band_exact,Residential,301+,GHp/kWh,238.0873,GHp/kWh,2.45,exact_gazette,"PURC, '2025 Third Quarter Tariff Decision' https://www.purc.com.gh/attachment/938345-20250904060938.pdf",+2.45% across the board.
2025-07-01,2025,Quarterly (AAF),per_band_exact,Residential,0-300,Service Charge,1073.0886,GHp/month,,exact_gazette,"PURC, '2025 Third Quarter Tariff Decision' https://www.purc.com.gh/attachment/938345-20250904060938.pdf",+2.45% across the board.
2025-07-01,2025,Quarterly (AAF),per_band_exact,Residential Lifeline,0-30 (exclusive),GHp/kWh,79.5308,GHp/kWh,2.45,exact_gazette,"PURC, '2025 Third Quarter Tariff Decision' https://www.purc.com.gh/attachment/938345-20250904060938.pdf",+2.45% across the board.
2025-07-01,2025,Quarterly (AAF),per_band_exact,Residential Lifeline,0-30 (exclusive),Service Charge,213.0,GHp/month,,exact_gazette,"PURC, '2025 Third Quarter Tariff Decision' https://www.purc.com.gh/attachment/938345-20250904060938.pdf",+2.45% across the board.
2025-10-01,2025,Quarterly (AAF),per_band_exact,Non-Residential,0-300,GHp/kWh,164.5377,GHp/kWh,1.14,exact_gazette,"PURC, '2025 Q4 / Oct 2025 Tariff Decision' https://www.purc.com.gh/attachment/538151-20250924020937.pdf",+1.14% across the board.
2025-10-01,2025,Quarterly (AAF),per_band_exact,Non-Residential,301+,GHp/kWh,204.4809,GHp/kWh,1.14,exact_gazette,"PURC, '2025 Q4 / Oct 2025 Tariff Decision' https://www.purc.com.gh/attachment/538151-20250924020937.pdf",+1.14% across the board.
2025-10-01,2025,Quarterly (AAF),per_band_exact,Non-Residential,0-300,Service Charge,1242.8245,GHp/month,,exact_gazette,"PURC, '2025 Q4 / Oct 2025 Tariff Decision' https://www.purc.com.gh/attachment/538151-20250924020937.pdf",+1.14% across the board.
2025-10-01,2025,Quarterly (AAF),per_band_exact,Residential,0-300,GHp/kWh,182.2442,GHp/kWh,1.14,exact_gazette,"PURC, '2025 Q4 / Oct 2025 Tariff Decision' https://www.purc.com.gh/attachment/538151-20250924020937.pdf",+1.14% across the board.
2025-10-01,2025,Quarterly (AAF),per_band_exact,Residential,301+,GHp/kWh,240.8059,GHp/kWh,1.14,exact_gazette,"PURC, '2025 Q4 / Oct 2025 Tariff Decision' https://www.purc.com.gh/attachment/538151-20250924020937.pdf",+1.14% across the board.
2025-10-01,2025,Quarterly (AAF),per_band_exact,Residential,0-300,Service Charge,1073.0886,GHp/month,,exact_gazette,"PURC, '2025 Q4 / Oct 2025 Tariff Decision' https://www.purc.com.gh/attachment/538151-20250924020937.pdf",+1.14% across the board.
2025-10-01,2025,Quarterly (AAF),per_band_exact,Residential Lifeline,0-30 (exclusive),GHp/kWh,80.4389,GHp/kWh,1.14,exact_gazette,"PURC, '2025 Q4 / Oct 2025 Tariff Decision' https://www.purc.com.gh/attachment/538151-20250924020937.pdf",+1.14% across the board.
2025-10-01,2025,Quarterly (AAF),per_band_exact,Residential Lifeline,0-30 (exclusive),Service Charge,213.0,GHp/month,,exact_gazette,"PURC, '2025 Q4 / Oct 2025 Tariff Decision' https://www.purc.com.gh/attachment/538151-20250924020937.pdf",+1.14% across the board.
2026-01-01,2026,Major (2026-2030 MYTO),per_band_exact,Non-Residential,0-300,GHp/kWh,180.7634,GHp/kWh,,exact_gazette,"PURC, '2026-2030 Electricity, Water and Natural Gas Major Tariff Review Decision' (Jan 2026) https://www.purc.com.gh/attachment/606618-20260127060104.pdf ; PURC, '2026 Second Quarter Tariff Review Decision' (13 Mar 2026) https://www.purc.com.gh/attachment/288818-20260313090334.pdf","Opening rates of the new 2026-2030 Multi-Year Tariff Order (MYTO), shown as the 'existing tariff' baseline in the Q2 2026 decision (i.e. the rate that applied for Q1 2026, Jan-Mar)."
2026-01-01,2026,Major (2026-2030 MYTO),per_band_exact,Non-Residential,301+,GHp/kWh,224.6455,GHp/kWh,,exact_gazette,"PURC, '2026-2030 Electricity, Water and Natural Gas Major Tariff Review Decision' (Jan 2026) https://www.purc.com.gh/attachment/606618-20260127060104.pdf ; PURC, '2026 Second Quarter Tariff Review Decision' (13 Mar 2026) https://www.purc.com.gh/attachment/288818-20260313090334.pdf","Opening rates of the new 2026-2030 Multi-Year Tariff Order (MYTO), shown as the 'existing tariff' baseline in the Q2 2026 decision (i.e. the rate that applied for Q1 2026, Jan-Mar)."
2026-01-01,2026,Major (2026-2030 MYTO),per_band_exact,Non-Residential,0-300,Service Charge,1242.8245,GHp/month,,exact_gazette,"PURC, '2026-2030 Electricity, Water and Natural Gas Major Tariff Review Decision' (Jan 2026) https://www.purc.com.gh/attachment/606618-20260127060104.pdf ; PURC, '2026 Second Quarter Tariff Review Decision' (13 Mar 2026) https://www.purc.com.gh/attachment/288818-20260313090334.pdf","Opening rates of the new 2026-2030 Multi-Year Tariff Order (MYTO), shown as the 'existing tariff' baseline in the Q2 2026 decision (i.e. the rate that applied for Q1 2026, Jan-Mar)."
2026-01-01,2026,Major (2026-2030 MYTO),per_band_exact,Residential,0-300,GHp/kWh,200.2159,GHp/kWh,,exact_gazette,"PURC, '2026-2030 Electricity, Water and Natural Gas Major Tariff Review Decision' (Jan 2026) https://www.purc.com.gh/attachment/606618-20260127060104.pdf ; PURC, '2026 Second Quarter Tariff Review Decision' (13 Mar 2026) https://www.purc.com.gh/attachment/288818-20260313090334.pdf","Opening rates of the new 2026-2030 Multi-Year Tariff Order (MYTO), shown as the 'existing tariff' baseline in the Q2 2026 decision (i.e. the rate that applied for Q1 2026, Jan-Mar)."
2026-01-01,2026,Major (2026-2030 MYTO),per_band_exact,Residential,301+,GHp/kWh,264.5527,GHp/kWh,,exact_gazette,"PURC, '2026-2030 Electricity, Water and Natural Gas Major Tariff Review Decision' (Jan 2026) https://www.purc.com.gh/attachment/606618-20260127060104.pdf ; PURC, '2026 Second Quarter Tariff Review Decision' (13 Mar 2026) https://www.purc.com.gh/attachment/288818-20260313090334.pdf","Opening rates of the new 2026-2030 Multi-Year Tariff Order (MYTO), shown as the 'existing tariff' baseline in the Q2 2026 decision (i.e. the rate that applied for Q1 2026, Jan-Mar)."
2026-01-01,2026,Major (2026-2030 MYTO),per_band_exact,Residential,0-300,Service Charge,1073.0886,GHp/month,,exact_gazette,"PURC, '2026-2030 Electricity, Water and Natural Gas Major Tariff Review Decision' (Jan 2026) https://www.purc.com.gh/attachment/606618-20260127060104.pdf ; PURC, '2026 Second Quarter Tariff Review Decision' (13 Mar 2026) https://www.purc.com.gh/attachment/288818-20260313090334.pdf","Opening rates of the new 2026-2030 Multi-Year Tariff Order (MYTO), shown as the 'existing tariff' baseline in the Q2 2026 decision (i.e. the rate that applied for Q1 2026, Jan-Mar)."
2026-01-01,2026,Major (2026-2030 MYTO),per_band_exact,Residential Lifeline,0-30 (exclusive),GHp/kWh,88.3713,GHp/kWh,,exact_gazette,"PURC, '2026-2030 Electricity, Water and Natural Gas Major Tariff Review Decision' (Jan 2026) https://www.purc.com.gh/attachment/606618-20260127060104.pdf ; PURC, '2026 Second Quarter Tariff Review Decision' (13 Mar 2026) https://www.purc.com.gh/attachment/288818-20260313090334.pdf","Opening rates of the new 2026-2030 Multi-Year Tariff Order (MYTO), shown as the 'existing tariff' baseline in the Q2 2026 decision (i.e. the rate that applied for Q1 2026, Jan-Mar)."
2026-01-01,2026,Major (2026-2030 MYTO),per_band_exact,Residential Lifeline,0-30 (exclusive),Service Charge,213.0,GHp/month,,exact_gazette,"PURC, '2026-2030 Electricity, Water and Natural Gas Major Tariff Review Decision' (Jan 2026) https://www.purc.com.gh/attachment/606618-20260127060104.pdf ; PURC, '2026 Second Quarter Tariff Review Decision' (13 Mar 2026) https://www.purc.com.gh/attachment/288818-20260313090334.pdf","Opening rates of the new 2026-2030 Multi-Year Tariff Order (MYTO), shown as the 'existing tariff' baseline in the Q2 2026 decision (i.e. the rate that applied for Q1 2026, Jan-Mar)."
2026-01-01,2026,Major (2026-2030 MYTO),per_band_exact,SLT-HV,energy charge,GHp/kWh,215.3414,GHp/kWh,,exact_gazette,"PURC, '2026-2030 Electricity, Water and Natural Gas Major Tariff Review Decision' (Jan 2026) https://www.purc.com.gh/attachment/606618-20260127060104.pdf ; PURC, '2026 Second Quarter Tariff Review Decision' (13 Mar 2026) https://www.purc.com.gh/attachment/288818-20260313090334.pdf","Opening rates of the new 2026-2030 Multi-Year Tariff Order (MYTO), shown as the 'existing tariff' baseline in the Q2 2026 decision (i.e. the rate that applied for Q1 2026, Jan-Mar)."
2026-01-01,2026,Major (2026-2030 MYTO),per_band_exact,SLT-HV,energy charge,Service Charge,50000.0,GHp/month,,exact_gazette,"PURC, '2026-2030 Electricity, Water and Natural Gas Major Tariff Review Decision' (Jan 2026) https://www.purc.com.gh/attachment/606618-20260127060104.pdf ; PURC, '2026 Second Quarter Tariff Review Decision' (13 Mar 2026) https://www.purc.com.gh/attachment/288818-20260313090334.pdf","Opening rates of the new 2026-2030 Multi-Year Tariff Order (MYTO), shown as the 'existing tariff' baseline in the Q2 2026 decision (i.e. the rate that applied for Q1 2026, Jan-Mar)."
2026-01-01,2026,Major (2026-2030 MYTO),per_band_exact,SLT-LV,energy charge,GHp/kWh,269.7753,GHp/kWh,,exact_gazette,"PURC, '2026-2030 Electricity, Water and Natural Gas Major Tariff Review Decision' (Jan 2026) https://www.purc.com.gh/attachment/606618-20260127060104.pdf ; PURC, '2026 Second Quarter Tariff Review Decision' (13 Mar 2026) https://www.purc.com.gh/attachment/288818-20260313090334.pdf","Opening rates of the new 2026-2030 Multi-Year Tariff Order (MYTO), shown as the 'existing tariff' baseline in the Q2 2026 decision (i.e. the rate that applied for Q1 2026, Jan-Mar)."
2026-01-01,2026,Major (2026-2030 MYTO),per_band_exact,SLT-LV,energy charge,Service Charge,50000.0,GHp/month,,exact_gazette,"PURC, '2026-2030 Electricity, Water and Natural Gas Major Tariff Review Decision' (Jan 2026) https://www.purc.com.gh/attachment/606618-20260127060104.pdf ; PURC, '2026 Second Quarter Tariff Review Decision' (13 Mar 2026) https://www.purc.com.gh/attachment/288818-20260313090334.pdf","Opening rates of the new 2026-2030 Multi-Year Tariff Order (MYTO), shown as the 'existing tariff' baseline in the Q2 2026 decision (i.e. the rate that applied for Q1 2026, Jan-Mar)."
2026-01-01,2026,Major (2026-2030 MYTO),per_band_exact,SLT-MV,energy charge,GHp/kWh,215.3414,GHp/kWh,,exact_gazette,"PURC, '2026-2030 Electricity, Water and Natural Gas Major Tariff Review Decision' (Jan 2026) https://www.purc.com.gh/attachment/606618-20260127060104.pdf ; PURC, '2026 Second Quarter Tariff Review Decision' (13 Mar 2026) https://www.purc.com.gh/attachment/288818-20260313090334.pdf","Opening rates of the new 2026-2030 Multi-Year Tariff Order (MYTO), shown as the 'existing tariff' baseline in the Q2 2026 decision (i.e. the rate that applied for Q1 2026, Jan-Mar)."
2026-01-01,2026,Major (2026-2030 MYTO),per_band_exact,SLT-MV,energy charge,Service Charge,50000.0,GHp/month,,exact_gazette,"PURC, '2026-2030 Electricity, Water and Natural Gas Major Tariff Review Decision' (Jan 2026) https://www.purc.com.gh/attachment/606618-20260127060104.pdf ; PURC, '2026 Second Quarter Tariff Review Decision' (13 Mar 2026) https://www.purc.com.gh/attachment/288818-20260313090334.pdf","Opening rates of the new 2026-2030 Multi-Year Tariff Order (MYTO), shown as the 'existing tariff' baseline in the Q2 2026 decision (i.e. the rate that applied for Q1 2026, Jan-Mar)."
2026-01-01,2026,Major (2026-2030 MYTO),per_band_exact,SLT-MV2,energy charge,GHp/kWh,134.2804,GHp/kWh,,exact_gazette,"PURC, '2026-2030 Electricity, Water and Natural Gas Major Tariff Review Decision' (Jan 2026) https://www.purc.com.gh/attachment/606618-20260127060104.pdf ; PURC, '2026 Second Quarter Tariff Review Decision' (13 Mar 2026) https://www.purc.com.gh/attachment/288818-20260313090334.pdf","Opening rates of the new 2026-2030 Multi-Year Tariff Order (MYTO), shown as the 'existing tariff' baseline in the Q2 2026 decision (i.e. the rate that applied for Q1 2026, Jan-Mar)."
2026-01-01,2026,Major (2026-2030 MYTO),per_band_exact,SLT-MV2,energy charge,Service Charge,50000.0,GHp/month,,exact_gazette,"PURC, '2026-2030 Electricity, Water and Natural Gas Major Tariff Review Decision' (Jan 2026) https://www.purc.com.gh/attachment/606618-20260127060104.pdf ; PURC, '2026 Second Quarter Tariff Review Decision' (13 Mar 2026) https://www.purc.com.gh/attachment/288818-20260313090334.pdf","Opening rates of the new 2026-2030 Multi-Year Tariff Order (MYTO), shown as the 'existing tariff' baseline in the Q2 2026 decision (i.e. the rate that applied for Q1 2026, Jan-Mar)."
2026-04-01,2026,"Quarterly (AAF, decrease)",per_band_exact,EV Charging (commercial),energy charge,GHp/kWh,201.6,GHp/kWh,-4.81,exact_gazette,"PURC, '2026 Second Quarter Tariff Review Decision' (13 Mar 2026) https://www.purc.com.gh/attachment/288818-20260313090334.pdf","-4.81% across the board (electricity), driven by a 6.78% Cedi appreciation and inflation falling from 8.00% to 4.17%. First-ever commercial EV charging tariff introduced."
2026-04-01,2026,"Quarterly (AAF, decrease)",per_band_exact,EV Charging (commercial),energy charge,Service Charge,50000.0,GHp/month,,exact_gazette,"PURC, '2026 Second Quarter Tariff Review Decision' (13 Mar 2026) https://www.purc.com.gh/attachment/288818-20260313090334.pdf","-4.81% across the board (electricity), driven by a 6.78% Cedi appreciation and inflation falling from 8.00% to 4.17%. First-ever commercial EV charging tariff introduced."
2026-04-01,2026,"Quarterly (AAF, decrease)",per_band_exact,Non-Residential,0-300,GHp/kWh,177.7539,GHp/kWh,-4.81,exact_gazette,"PURC, '2026 Second Quarter Tariff Review Decision' (13 Mar 2026) https://www.purc.com.gh/attachment/288818-20260313090334.pdf","-4.81% across the board (electricity), driven by a 6.78% Cedi appreciation and inflation falling from 8.00% to 4.17%. First-ever commercial EV charging tariff introduced."
2026-04-01,2026,"Quarterly (AAF, decrease)",per_band_exact,Non-Residential,301+,GHp/kWh,216.4873,GHp/kWh,-4.81,exact_gazette,"PURC, '2026 Second Quarter Tariff Review Decision' (13 Mar 2026) https://www.purc.com.gh/attachment/288818-20260313090334.pdf","-4.81% across the board (electricity), driven by a 6.78% Cedi appreciation and inflation falling from 8.00% to 4.17%. First-ever commercial EV charging tariff introduced."
2026-04-01,2026,"Quarterly (AAF, decrease)",per_band_exact,Non-Residential,0-300,Service Charge,1242.8245,GHp/month,,exact_gazette,"PURC, '2026 Second Quarter Tariff Review Decision' (13 Mar 2026) https://www.purc.com.gh/attachment/288818-20260313090334.pdf","-4.81% across the board (electricity), driven by a 6.78% Cedi appreciation and inflation falling from 8.00% to 4.17%. First-ever commercial EV charging tariff introduced."
2026-04-01,2026,"Quarterly (AAF, decrease)",per_band_exact,Residential,0-300,GHp/kWh,196.8825,GHp/kWh,-4.81,exact_gazette,"PURC, '2026 Second Quarter Tariff Review Decision' (13 Mar 2026) https://www.purc.com.gh/attachment/288818-20260313090334.pdf","-4.81% across the board (electricity), driven by a 6.78% Cedi appreciation and inflation falling from 8.00% to 4.17%. First-ever commercial EV charging tariff introduced."
2026-04-01,2026,"Quarterly (AAF, decrease)",per_band_exact,Residential,301+,GHp/kWh,260.1481,GHp/kWh,-4.81,exact_gazette,"PURC, '2026 Second Quarter Tariff Review Decision' (13 Mar 2026) https://www.purc.com.gh/attachment/288818-20260313090334.pdf","-4.81% across the board (electricity), driven by a 6.78% Cedi appreciation and inflation falling from 8.00% to 4.17%. First-ever commercial EV charging tariff introduced."
2026-04-01,2026,"Quarterly (AAF, decrease)",per_band_exact,Residential,0-300,Service Charge,1073.0886,GHp/month,,exact_gazette,"PURC, '2026 Second Quarter Tariff Review Decision' (13 Mar 2026) https://www.purc.com.gh/attachment/288818-20260313090334.pdf","-4.81% across the board (electricity), driven by a 6.78% Cedi appreciation and inflation falling from 8.00% to 4.17%. First-ever commercial EV charging tariff introduced."
2026-04-01,2026,"Quarterly (AAF, decrease)",per_band_exact,Residential Lifeline,0-30 (exclusive),GHp/kWh,86.9,GHp/kWh,-4.81,exact_gazette,"PURC, '2026 Second Quarter Tariff Review Decision' (13 Mar 2026) https://www.purc.com.gh/attachment/288818-20260313090334.pdf","-4.81% across the board (electricity), driven by a 6.78% Cedi appreciation and inflation falling from 8.00% to 4.17%. First-ever commercial EV charging tariff introduced."
2026-04-01,2026,"Quarterly (AAF, decrease)",per_band_exact,Residential Lifeline,0-30 (exclusive),Service Charge,213.0,GHp/month,,exact_gazette,"PURC, '2026 Second Quarter Tariff Review Decision' (13 Mar 2026) https://www.purc.com.gh/attachment/288818-20260313090334.pdf","-4.81% across the board (electricity), driven by a 6.78% Cedi appreciation and inflation falling from 8.00% to 4.17%. First-ever commercial EV charging tariff introduced."
2026-04-01,2026,"Quarterly (AAF, decrease)",per_band_exact,SLT-HV,energy charge,GHp/kWh,182.1228,GHp/kWh,-4.81,exact_gazette,"PURC, '2026 Second Quarter Tariff Review Decision' (13 Mar 2026) https://www.purc.com.gh/attachment/288818-20260313090334.pdf","-4.81% across the board (electricity), driven by a 6.78% Cedi appreciation and inflation falling from 8.00% to 4.17%. First-ever commercial EV charging tariff introduced."
2026-04-01,2026,"Quarterly (AAF, decrease)",per_band_exact,SLT-HV,energy charge,Service Charge,50000.0,GHp/month,,exact_gazette,"PURC, '2026 Second Quarter Tariff Review Decision' (13 Mar 2026) https://www.purc.com.gh/attachment/288818-20260313090334.pdf","-4.81% across the board (electricity), driven by a 6.78% Cedi appreciation and inflation falling from 8.00% to 4.17%. First-ever commercial EV charging tariff introduced."
2026-04-01,2026,"Quarterly (AAF, decrease)",per_band_exact,SLT-LV,energy charge,GHp/kWh,232.113,GHp/kWh,-4.81,exact_gazette,"PURC, '2026 Second Quarter Tariff Review Decision' (13 Mar 2026) https://www.purc.com.gh/attachment/288818-20260313090334.pdf","-4.81% across the board (electricity), driven by a 6.78% Cedi appreciation and inflation falling from 8.00% to 4.17%. First-ever commercial EV charging tariff introduced."
2026-04-01,2026,"Quarterly (AAF, decrease)",per_band_exact,SLT-LV,energy charge,Service Charge,50000.0,GHp/month,,exact_gazette,"PURC, '2026 Second Quarter Tariff Review Decision' (13 Mar 2026) https://www.purc.com.gh/attachment/288818-20260313090334.pdf","-4.81% across the board (electricity), driven by a 6.78% Cedi appreciation and inflation falling from 8.00% to 4.17%. First-ever commercial EV charging tariff introduced."
2026-04-01,2026,"Quarterly (AAF, decrease)",per_band_exact,SLT-MV,energy charge,GHp/kWh,201.6,GHp/kWh,-4.81,exact_gazette,"PURC, '2026 Second Quarter Tariff Review Decision' (13 Mar 2026) https://www.purc.com.gh/attachment/288818-20260313090334.pdf","-4.81% across the board (electricity), driven by a 6.78% Cedi appreciation and inflation falling from 8.00% to 4.17%. First-ever commercial EV charging tariff introduced."
2026-04-01,2026,"Quarterly (AAF, decrease)",per_band_exact,SLT-MV,energy charge,Service Charge,50000.0,GHp/month,,exact_gazette,"PURC, '2026 Second Quarter Tariff Review Decision' (13 Mar 2026) https://www.purc.com.gh/attachment/288818-20260313090334.pdf","-4.81% across the board (electricity), driven by a 6.78% Cedi appreciation and inflation falling from 8.00% to 4.17%. First-ever commercial EV charging tariff introduced."
2026-04-01,2026,"Quarterly (AAF, decrease)",per_band_exact,SLT-MV2,energy charge,GHp/kWh,132.0448,GHp/kWh,-4.81,exact_gazette,"PURC, '2026 Second Quarter Tariff Review Decision' (13 Mar 2026) https://www.purc.com.gh/attachment/288818-20260313090334.pdf","-4.81% across the board (electricity), driven by a 6.78% Cedi appreciation and inflation falling from 8.00% to 4.17%. First-ever commercial EV charging tariff introduced."
2026-04-01,2026,"Quarterly (AAF, decrease)",per_band_exact,SLT-MV2,energy charge,Service Charge,50000.0,GHp/month,,exact_gazette,"PURC, '2026 Second Quarter Tariff Review Decision' (13 Mar 2026) https://www.purc.com.gh/attachment/288818-20260313090334.pdf","-4.81% across the board (electricity), driven by a 6.78% Cedi appreciation and inflation falling from 8.00% to 4.17%. First-ever commercial EV charging tariff introduced."
2026-07-01,2026,"Quarterly (AAF, increase)",per_band_exact,Non-Residential,0-300,GHp/kWh,183.9549,GHp/kWh,3.49,exact_gazette,"backend/purc_knowledge.txt (1 Jul 2026 gazette, published 16 Jun 2026)","+3.49% across the board (reported in press as effective July 1, 2026), revoking Gazette No. 134 (14 Apr 2026)."
2026-07-01,2026,"Quarterly (AAF, increase)",per_band_exact,Non-Residential,301+,GHp/kWh,224.0395,GHp/kWh,3.49,exact_gazette,"backend/purc_knowledge.txt (1 Jul 2026 gazette, published 16 Jun 2026)","+3.49% across the board (reported in press as effective July 1, 2026), revoking Gazette No. 134 (14 Apr 2026)."
2026-07-01,2026,"Quarterly (AAF, increase)",per_band_exact,Non-Residential,0-300,Service Charge,1242.8245,GHp/month,,exact_gazette,"backend/purc_knowledge.txt (1 Jul 2026 gazette, published 16 Jun 2026)","+3.49% across the board (reported in press as effective July 1, 2026), revoking Gazette No. 134 (14 Apr 2026)."
2026-07-01,2026,"Quarterly (AAF, increase)",per_band_exact,Residential,0-300,GHp/kWh,203.7509,GHp/kWh,3.49,exact_gazette,"backend/purc_knowledge.txt (1 Jul 2026 gazette, published 16 Jun 2026)","+3.49% across the board (reported in press as effective July 1, 2026), revoking Gazette No. 134 (14 Apr 2026)."
2026-07-01,2026,"Quarterly (AAF, increase)",per_band_exact,Residential,301+,GHp/kWh,269.2235,GHp/kWh,3.49,exact_gazette,"backend/purc_knowledge.txt (1 Jul 2026 gazette, published 16 Jun 2026)","+3.49% across the board (reported in press as effective July 1, 2026), revoking Gazette No. 134 (14 Apr 2026)."
2026-07-01,2026,"Quarterly (AAF, increase)",per_band_exact,Residential,0-300,Service Charge,1073.0886,GHp/month,,exact_gazette,"backend/purc_knowledge.txt (1 Jul 2026 gazette, published 16 Jun 2026)","+3.49% across the board (reported in press as effective July 1, 2026), revoking Gazette No. 134 (14 Apr 2026)."
2026-07-01,2026,"Quarterly (AAF, increase)",per_band_exact,Residential Lifeline,0-30 (exclusive),GHp/kWh,89.9315,GHp/kWh,3.49,exact_gazette,"backend/purc_knowledge.txt (1 Jul 2026 gazette, published 16 Jun 2026)","+3.49% across the board (reported in press as effective July 1, 2026), revoking Gazette No. 134 (14 Apr 2026)."
2026-07-01,2026,"Quarterly (AAF, increase)",per_band_exact,Residential Lifeline,0-30 (exclusive),Service Charge,213.0,GHp/month,,exact_gazette,"backend/purc_knowledge.txt (1 Jul 2026 gazette, published 16 Jun 2026)","+3.49% across the board (reported in press as effective July 1, 2026), revoking Gazette No. 134 (14 Apr 2026)."
2026-07-01,2026,"Quarterly (AAF, increase)",per_band_exact,SLT-EV Charging,energy charge,GHp/kWh,208.6329,GHp/kWh,3.49,exact_gazette,"backend/purc_knowledge.txt (1 Jul 2026 gazette, published 16 Jun 2026)","+3.49% across the board (reported in press as effective July 1, 2026), revoking Gazette No. 134 (14 Apr 2026)."
2026-07-01,2026,"Quarterly (AAF, increase)",per_band_exact,SLT-EV Charging,energy charge,Service Charge,50000.0,GHp/month,,exact_gazette,"backend/purc_knowledge.txt (1 Jul 2026 gazette, published 16 Jun 2026)","+3.49% across the board (reported in press as effective July 1, 2026), revoking Gazette No. 134 (14 Apr 2026)."
2026-07-01,2026,"Quarterly (AAF, increase)",per_band_exact,SLT-HV,energy charge,GHp/kWh,188.4762,GHp/kWh,3.49,exact_gazette,"backend/purc_knowledge.txt (1 Jul 2026 gazette, published 16 Jun 2026)","+3.49% across the board (reported in press as effective July 1, 2026), revoking Gazette No. 134 (14 Apr 2026)."
2026-07-01,2026,"Quarterly (AAF, increase)",per_band_exact,SLT-HV,energy charge,Service Charge,50000.0,GHp/month,,exact_gazette,"backend/purc_knowledge.txt (1 Jul 2026 gazette, published 16 Jun 2026)","+3.49% across the board (reported in press as effective July 1, 2026), revoking Gazette No. 134 (14 Apr 2026)."
2026-07-01,2026,"Quarterly (AAF, increase)",per_band_exact,SLT-LV,energy charge,GHp/kWh,240.2104,GHp/kWh,3.49,exact_gazette,"backend/purc_knowledge.txt (1 Jul 2026 gazette, published 16 Jun 2026)","+3.49% across the board (reported in press as effective July 1, 2026), revoking Gazette No. 134 (14 Apr 2026)."
2026-07-01,2026,"Quarterly (AAF, increase)",per_band_exact,SLT-LV,energy charge,Service Charge,50000.0,GHp/month,,exact_gazette,"backend/purc_knowledge.txt (1 Jul 2026 gazette, published 16 Jun 2026)","+3.49% across the board (reported in press as effective July 1, 2026), revoking Gazette No. 134 (14 Apr 2026)."
2026-07-01,2026,"Quarterly (AAF, increase)",per_band_exact,SLT-MV,energy charge,GHp/kWh,208.6329,GHp/kWh,3.49,exact_gazette,"backend/purc_knowledge.txt (1 Jul 2026 gazette, published 16 Jun 2026)","+3.49% across the board (reported in press as effective July 1, 2026), revoking Gazette No. 134 (14 Apr 2026)."
2026-07-01,2026,"Quarterly (AAF, increase)",per_band_exact,SLT-MV,energy charge,Service Charge,50000.0,GHp/month,,exact_gazette,"backend/purc_knowledge.txt (1 Jul 2026 gazette, published 16 Jun 2026)","+3.49% across the board (reported in press as effective July 1, 2026), revoking Gazette No. 134 (14 Apr 2026)."
2026-07-01,2026,"Quarterly (AAF, increase)",per_band_exact,SLT-MV2,energy charge,GHp/kWh,136.6512,GHp/kWh,3.49,exact_gazette,"backend/purc_knowledge.txt (1 Jul 2026 gazette, published 16 Jun 2026)","+3.49% across the board (reported in press as effective July 1, 2026), revoking Gazette No. 134 (14 Apr 2026)."
2026-07-01,2026,"Quarterly (AAF, increase)",per_band_exact,SLT-MV2,energy charge,Service Charge,50000.0,GHp/month,,exact_gazette,"backend/purc_knowledge.txt (1 Jul 2026 gazette, published 16 Jun 2026)","+3.49% across the board (reported in press as effective July 1, 2026), revoking Gazette No. 134 (14 Apr 2026)."
